accion;prioridad;publicacion_id;titulo;canal;stock;visitas_30d;precio;capital;vendidas_ene_jul_2025;vendidas_ago_dic_2025;link
SALIDA DE LINEA;1;MCO1339574369;"Pantalón De Drill Para Niño";nacional;58;17;117900;1740000;20;13;https://articulo.mercadolibre.com.co/MCO-1339574369-pantalon-de-drill-para-nino-_JM
SALIDA DE LINEA;1;MCO862276906;"Traje De Niño Elegante Para Bautizo Y Toda Ocasión";nacional;22;43;195900;1540000;5;8;https://articulo.mercadolibre.com.co/MCO-862276906-traje-de-nino-elegante-para-bautizo-y-toda-ocasion-_JM
SALIDA DE LINEA;1;MCO622331212;"Traje De Niño Tipo Bautizo Tirantas - Elegante";nacional;17;10;194800;1164500;0;0;https://articulo.mercadolibre.com.co/MCO-622331212-traje-de-nino-tipo-bautizo-tirantas-elegante-_JM
SALIDA DE LINEA;1;MCO603971573;"Traje De Niño Para Bautizo Chaleco";nacional;14;21;158900;630000;4;0;https://articulo.mercadolibre.com.co/MCO-603971573-traje-de-nino-para-bautizo-chaleco-_JM
SALIDA DE LINEA;1;MCO1506785689;"Traje Completo Niño Pantalon Camisa Chaqueta Corbatin";nacional;2;24;215900;169000;0;0;https://articulo.mercadolibre.com.co/MCO-1506785689-traje-completo-nino-pantalon-camisa-chaqueta-corbatin-_JM
SALIDA DE LINEA;1;MCO622330027;"Traje Para Niño Tipo Bautizo - Elegante";nacional;2;10;265900;166000;0;0;https://articulo.mercadolibre.com.co/MCO-622330027-traje-para-nino-tipo-bautizo-elegante-_JM
SALIDA DE LINEA;1;MCO643096203;"Conjunto Traje Para Niño Tipo Bautizo Elegante Boina";nacional;2;91;84500;50000;3;0;https://articulo.mercadolibre.com.co/MCO-643096203-conjunto-traje-para-nino-tipo-bautizo-elegante-boina-_JM
TIENE TRAFICO, NO CIERRA;2;MCO623723818;"Tirantes Cargadera Niño Ajustable Elastico Premium";sin clasificar;81;25;23900;364500;22;17;https://articulo.mercadolibre.com.co/MCO-623723818-tirantes-cargadera-nino-ajustable-elastico-premium-_JM
TIENE TRAFICO, NO CIERRA;2;MCO1309617114;"Tiara Corona Tocado Para Novia Quinceañera  Brillante";sin clasificar;15;35;68800;302955;8;1;https://articulo.mercadolibre.com.co/MCO-1309617114-tiara-corona-tocado-para-novia-quinceanera-brillante-_JM
TIENE TRAFICO, NO CIERRA;2;MCO2939211738;"Kit Corbata Caballero Pañuelo Elegante";nacional;24;70;44800;247200;30;31;https://articulo.mercadolibre.com.co/MCO-2939211738-kit-corbata-caballero-panuelo-elegante-_JM
TIENE TRAFICO, NO CIERRA;2;MCO2875135390;"Combo Corbata Juvenil Pisa Corbata";nacional;24;33;45900;192000;21;23;https://articulo.mercadolibre.com.co/MCO-2875135390-combo-corbata-juvenil-pisa-corbata-_JM
TIENE TRAFICO, NO CIERRA;2;MCO1711621467;"Anillo 15 Años Acero Princesa Elegante Fiesta";internacional;18;70;55900;153000;6;0;https://articulo.mercadolibre.com.co/MCO-1711621467-anillo-15-anos-acero-princesa-elegante-fiesta-_JM
TIENE TRAFICO, NO CIERRA;2;MCO908425521;"Velo De Novia Tipo Mantilla Matrimonio Boda De 3 Metros Blanco";sin clasificar;5;26;72900;101735;10;1;https://articulo.mercadolibre.com.co/MCO-908425521-velo-de-novia-tipo-mantilla-matrimonio-boda-de-3-metros-blanco-_JM
TIENE TRAFICO, NO CIERRA;2;MCO2842822134;"Collar Y Aretes Juego Matrimonio Quinceaños";internacional;9;20;89900;100926;14;20;https://articulo.mercadolibre.com.co/MCO-2842822134-collar-y-aretes-juego-matrimonio-quinceanos-_JM
TIENE TRAFICO, NO CIERRA;2;MCO1546038430;"Peineta Tocado Floral Para Novia Primera Comunión O Bautizo ";sin clasificar;12;46;47900;100224;23;4;https://articulo.mercadolibre.com.co/MCO-1546038430-peineta-tocado-floral-para-novia-primera-comunion-o-bautizo-_JM
TIENE TRAFICO, NO CIERRA;2;MCO1539203841;"Corona Collar Y Aretes Quinceañera Matrimonio";internacional;2;21;145000;80000;2;1;https://articulo.mercadolibre.com.co/MCO-1539203841-corona-collar-y-aretes-quinceanera-matrimonio-_JM
TIENE TRAFICO, NO CIERRA;2;MCO2221755812;"Enterizo Deportivo Manga Larga Para Dama ";sin clasificar;3;20;109900;75000;2;0;https://articulo.mercadolibre.com.co/MCO-2221755812-enterizo-deportivo-manga-larga-para-dama-_JM
TIENE TRAFICO, NO CIERRA;2;MCO977710565;"Accesorios Para El Cabello Peineta Novia Matrimonio Boda";sin clasificar;4;40;49900;61120;65;25;https://articulo.mercadolibre.com.co/MCO-977710565-accesorios-para-el-cabello-peineta-novia-matrimonio-boda-_JM
TIENE TRAFICO, NO CIERRA;2;MCO902474848;"Gorro Para Bebé En Encaje Tipo Pava Para Bautizo Niña Blanco Bebé";sin clasificar;4;26;53800;44480;4;2;https://articulo.mercadolibre.com.co/MCO-902474848-gorro-para-bebe-en-encaje-tipo-pava-para-bautizo-nina-blanco-bebe-_JM
TIENE TRAFICO, NO CIERRA;2;MCO612897838;"Cirio Bautizo Pañuelo Blanco Azul Rosa Niña Niño";nacional;2;46;54800;28000;11;3;https://articulo.mercadolibre.com.co/MCO-612897838-cirio-bautizo-panuelo-blanco-azul-rosa-nina-nino-_JM
TIENE TRAFICO, NO CIERRA;2;MCO3599154606;"Collar Corazón Infinito Plata 925 Zirconia Mujer Regalo Amor Plateado";internacional;2;34;89900;10676;1;0;https://articulo.mercadolibre.com.co/MCO-3599154606-collar-corazon-infinito-plata-925-zirconia-mujer-regalo-amor-plateado-_JM
TIENE TRAFICO, NO CIERRA;2;MCO636766971;"Kit Primera Comunión Niña Cirio Libro Camandula";nacional;3;60;59900;0;2;2;https://articulo.mercadolibre.com.co/MCO-636766971-kit-primera-comunion-nina-cirio-libro-camandula-_JM
TIENE TRAFICO, NO CIERRA;2;MCO3425430938;"Collar Rapuncel Joyeria Ajustable Dorado Mujer Corona Dorado";internacional;8;29;35900;0;6;1;https://articulo.mercadolibre.com.co/MCO-3425430938-collar-rapuncel-joyeria-ajustable-dorado-mujer-corona-dorado-_JM
TIENE TRAFICO, NO CIERRA;2;MCO1761638029;"Collar Flor Girasol Mujer Acero Inoxidable Elegante Regalo Dorado";internacional;5;25;49800;0;20;12;https://articulo.mercadolibre.com.co/MCO-1761638029-collar-flor-girasol-mujer-acero-inoxidable-elegante-regalo-dorado-_JM
TIENE TRAFICO, NO CIERRA;2;MCO1930208545;"Collar Aretes Pulsera Anillo Para Dama Elegante Verde";internacional;1;25;85000;0;0;0;https://articulo.mercadolibre.com.co/MCO-1930208545-collar-aretes-pulsera-anillo-para-dama-elegante-verde-_JM
TIENE TRAFICO, NO CIERRA;2;MCO3599256968;"Collar Cruz Corazón Plata 925 Zirconia Mujer Regalo Elegante Plateado";internacional;12;24;89900;0;3;0;https://articulo.mercadolibre.com.co/MCO-3599256968-collar-cruz-corazon-plata-925-zirconia-mujer-regalo-elegante-plateado-_JM
TIENE TRAFICO, NO CIERRA;2;MCO1313953197;"Tiara Tocado Para Novia Quinceañera Y Primera Comunión Blanco";sin clasificar;15;66;38800;0;34;11;https://articulo.mercadolibre.com.co/MCO-1313953197-tiara-tocado-para-novia-quinceanera-y-primera-comunion-blanco-_JM
TIENE TRAFICO, NO CIERRA;2;MCO1976436243;"Broche Pin Colibrí Esmaltado Para Ropa Y Accesorios Elegante Azul Colibrí";sin clasificar;6;24;25900;0;0;0;https://articulo.mercadolibre.com.co/MCO-1976436243-broche-pin-colibri-esmaltado-para-ropa-y-accesorios-elegante-azul-colibri-_JM
MUERTA: LIQUIDAR;3;MCO1711078261;"Set Tiara Collar Aretes Anillo 15 Años Princesa Elegante";internacional;12;6;280000;840000;0;0;https://articulo.mercadolibre.com.co/MCO-1711078261-set-tiara-collar-aretes-anillo-15-anos-princesa-elegante-_JM
MUERTA: LIQUIDAR;3;MCO1939344200;"Conjunto De Collar Aretes Y Tiara Para Quinceañera Novia";internacional;11;6;145000;328900;0;0;https://articulo.mercadolibre.com.co/MCO-1939344200-conjunto-de-collar-aretes-y-tiara-para-quinceanera-novia-_JM
MUERTA: LIQUIDAR;3;MCO611712200;"Balaca Para Niña Bautizo O Primera Comunión Blanco";sin clasificar;10;3;37900;90000;0;0;https://articulo.mercadolibre.com.co/MCO-611712200-balaca-para-nina-bautizo-o-primera-comunion-blanco-_JM
MUERTA: LIQUIDAR;3;MCO611878092;"Sandalia Negra";sin clasificar;2;2;88800;64000;0;0;https://articulo.mercadolibre.com.co/MCO-611878092-sandalia-negra-_JM
MUERTA: LIQUIDAR;3;MCO1795704215;"Collar Dije Cadena Leopardo Acero Inoxidable Elegante";internacional;6;1;55900;63756;0;0;https://articulo.mercadolibre.com.co/MCO-1795704215-collar-dije-cadena-leopardo-acero-inoxidable-elegante-_JM
MUERTA: LIQUIDAR;3;MCO3214446340;"Pulsera Manilla Brazalete Identificación Acero Unisex";internacional;10;12;32800;45000;0;0;https://articulo.mercadolibre.com.co/MCO-3214446340-pulsera-manilla-brazalete-identificacion-acero-unisex-_JM
MUERTA: LIQUIDAR;3;MCO3479783230;"Collar Vintage Tridente Poseidón Elegante";internacional;6;2;35900;40140;0;0;https://articulo.mercadolibre.com.co/MCO-3479783230-collar-vintage-tridente-poseidon-elegante-_JM
MUERTA: LIQUIDAR;3;MCO2506923516;"Collar Y Aretes Colgante Circonia De Cristal Para Mujer";internacional;7;3;55900;34314;0;0;https://articulo.mercadolibre.com.co/MCO-2506923516-collar-y-aretes-colgante-circonia-de-cristal-para-mujer-_JM
MUERTA: LIQUIDAR;3;MCO2830504368;"Corona Tocado Para Novia Reina Con Brillantes Lila";sin clasificar;1;11;113900;29616;0;0;https://articulo.mercadolibre.com.co/MCO-2830504368-corona-tocado-para-novia-reina-con-brillantes-lila-_JM
MUERTA: LIQUIDAR;3;MCO2200347182;"Camisón De Encaje Lenceria Sexy ";sin clasificar;1;1;58800;19103;0;0;https://articulo.mercadolibre.com.co/MCO-2200347182-camison-de-encaje-lenceria-sexy-_JM
MUERTA: LIQUIDAR;3;MCO1850552993;"Juego Tiara Collar Aretes Plateado Novia Quinceañera Elegant Plateado";internacional;1;3;125000;19000;0;0;https://articulo.mercadolibre.com.co/MCO-1850552993-juego-tiara-collar-aretes-plateado-novia-quinceanera-elegant-plateado-_JM
MUERTA: LIQUIDAR;3;MCO1292257727;"Accesorios Tocado Para Novia Quinceañera Primera Comunión  Plateado";sin clasificar;3;0;28900;16923;0;0;https://articulo.mercadolibre.com.co/MCO-1292257727-accesorios-tocado-para-novia-quinceanera-primera-comunion-plateado-_JM
MUERTA: LIQUIDAR;3;MCO1447303191;"Set Collar Y Aretes Imitación De Diamantes Para Mujer Plateado";internacional;1;4;55800;16582;0;0;https://articulo.mercadolibre.com.co/MCO-1447303191-set-collar-y-aretes-imitacion-de-diamantes-para-mujer-plateado-_JM
MUERTA: LIQUIDAR;3;MCO603977018;"Combo De Primera Comunión; Libro, Camandula, Guantes Y Cirio";nacional;7;6;95800;0;0;0;https://articulo.mercadolibre.com.co/MCO-603977018-combo-de-primera-comunion-libro-camandula-guantes-y-cirio-_JM
MUERTA: LIQUIDAR;3;MCO3479873332;"Collar Dije Simbolo Berserk Marca Sacrificio Guts Anime Rojo";internacional;3;5;59900;0;0;0;https://articulo.mercadolibre.com.co/MCO-3479873332-collar-dije-simbolo-berserk-marca-sacrificio-guts-anime-rojo-_JM
MUERTA: LIQUIDAR;3;MCO1850552995;"Juego Tiara Collar Aretes Plateado Novia Quinceañera Elegant Plateado 3";internacional;1;0;125000;0;0;0;https://articulo.mercadolibre.com.co/MCO-1850552995-juego-tiara-collar-aretes-plateado-novia-quinceanera-elegant-plateado-3-_JM
MUERTA: LIQUIDAR;3;MCO1846212227;"Juego Collar Aretes Pulsera Cobre Mujer Fiesta Elegante Oro Rosa 1";internacional;1;14;65000;0;0;0;https://articulo.mercadolibre.com.co/MCO-1846212227-juego-collar-aretes-pulsera-cobre-mujer-fiesta-elegante-oro-rosa-1-_JM
MUERTA: LIQUIDAR;3;MCO1930168325;"Collar Aretes Pulsera Para Dama Elegante Verde";internacional;1;16;75000;0;0;0;https://articulo.mercadolibre.com.co/MCO-1930168325-collar-aretes-pulsera-para-dama-elegante-verde-_JM
MUERTA: LIQUIDAR;3;MCO1930234163;"Collar Aretes Pulsera Anillo Para Dama Elegante Verde / Plateado";internacional;1;19;85000;0;0;0;https://articulo.mercadolibre.com.co/MCO-1930234163-collar-aretes-pulsera-anillo-para-dama-elegante-verde-plateado-_JM
MUERTA: LIQUIDAR;3;MCO1841024007;"Corona Tocado Para Novia Reina Con Brillantes Verde";sin clasificar;1;5;113900;0;0;0;https://articulo.mercadolibre.com.co/MCO-1841024007-corona-tocado-para-novia-reina-con-brillantes-verde-_JM
MUERTA: LIQUIDAR;3;MCO4019431918;"Set Collar Y Aretes Elegante Diseño Floral Negro Plateado Negro";internacional;1;6;59400;0;0;0;https://articulo.mercadolibre.com.co/MCO-4019431918-set-collar-y-aretes-elegante-diseno-floral-negro-plateado-negro-_JM
MUERTA: LIQUIDAR;3;MCO1976460307;"Anillo Girasol Giratorio + Collar + Caja Regalo Ajustable Dorado Ajustable";internacional;4;3;84900;0;0;0;https://articulo.mercadolibre.com.co/MCO-1976460307-anillo-girasol-giratorio-collar-caja-regalo-ajustable-dorado-ajustable-_JM
MUERTA: LIQUIDAR;3;MCO1959844621;"Broche Vintage Cristales Azules Y Gota Colgante Para Dama Azul";sin clasificar;1;11;55000;0;0;0;https://articulo.mercadolibre.com.co/MCO-1959844621-broche-vintage-cristales-azules-y-gota-colgante-para-dama-azul-_JM
MUERTA: LIQUIDAR;3;MCO1341410871;"Liguero De Encaje Para Mujer Accesorio De Boda Blanco";sin clasificar;7;3;39900;0;0;0;https://articulo.mercadolibre.com.co/MCO-1341410871-liguero-de-encaje-para-mujer-accesorio-de-boda-blanco-_JM
MUERTA: LIQUIDAR;3;MCO4019263146;"Set Joyería Dama 4 Piezas Collar, Aretes, Pulsera Y Anillo Plateado";internacional;1;6;79900;0;0;0;https://articulo.mercadolibre.com.co/MCO-4019263146-set-joyeria-dama-4-piezas-collar-aretes-pulsera-y-anillo-plateado-_JM
MUERTA: LIQUIDAR;3;MCO1959870691;"Aretes Collar Trebol Elegante Para Dama Dorado Verde Dorado";internacional;1;10;55000;0;0;0;https://articulo.mercadolibre.com.co/MCO-1959870691-aretes-collar-trebol-elegante-para-dama-dorado-verde-dorado-_JM
MUERTA: LIQUIDAR;3;MCO1959820343;"Set Collar Y Aretes Elegante Diseño Floral Negro Plateado Plateado";internacional;1;3;59400;0;0;0;https://articulo.mercadolibre.com.co/MCO-1959820343-set-collar-y-aretes-elegante-diseno-floral-negro-plateado-plateado-_JM
MUERTA: LIQUIDAR;3;MCO2064456069;"Anillo De 15 Años En Plata 975 Nacional Y Oro Laminado Suspiro 15 8";internacional;1;0;185000;0;0;0;https://articulo.mercadolibre.com.co/MCO-2064456069-anillo-de-15-anos-en-plata-975-nacional-y-oro-laminado-suspiro-15-8-_JM
MUERTA: LIQUIDAR;3;MCO2064456067;"Anillo De 15 Años En Plata 975 Nacional Y Oro Laminado Castillo 15 6.6";internacional;1;1;185000;0;0;0;https://articulo.mercadolibre.com.co/MCO-2064456067-anillo-de-15-anos-en-plata-975-nacional-y-oro-laminado-castillo-15-66-_JM
MUERTA: LIQUIDAR;3;MCO2064456071;"Anillo De 15 Años En Plata 975 Nacional Y Oro Laminado Hechizo 15 6";internacional;1;1;185000;0;0;0;https://articulo.mercadolibre.com.co/MCO-2064456071-anillo-de-15-anos-en-plata-975-nacional-y-oro-laminado-hechizo-15-6-_JM
MUERTA: LIQUIDAR;3;MCO4223139046;"Anillo De 15 Años En Plata 975 Nacional Y Oro Laminado Majestad 7.5";internacional;1;1;185000;0;0;0;https://articulo.mercadolibre.com.co/MCO-4223139046-anillo-de-15-anos-en-plata-975-nacional-y-oro-laminado-majestad-75-_JM
MUERTA: LIQUIDAR;3;MCO4223139036;"Anillo De 15 Años En Plata 975 Nacional Y Oro Laminado Carruaje 15 Rosado 5.5";internacional;1;0;185000;0;0;0;https://articulo.mercadolibre.com.co/MCO-4223139036-anillo-de-15-anos-en-plata-975-nacional-y-oro-laminado-carruaje-15-rosado-55-_JM
MUERTA: LIQUIDAR;3;MCO4223139050;"Anillo De 15 Años En Plata 975 Nacional Y Oro Laminado Corona 8";internacional;1;0;185000;0;0;0;https://articulo.mercadolibre.com.co/MCO-4223139050-anillo-de-15-anos-en-plata-975-nacional-y-oro-laminado-corona-8-_JM
MUERTA: LIQUIDAR;3;MCO4223139038;"Anillo De 15 Años En Plata 975 Nacional Y Oro Laminado Carruaje 15 Plata 7";internacional;1;0;185000;0;0;0;https://articulo.mercadolibre.com.co/MCO-4223139038-anillo-de-15-anos-en-plata-975-nacional-y-oro-laminado-carruaje-15-plata-7-_JM
MUERTA: LIQUIDAR;3;MCO4097395806;"Conjunto Collar Pulsera Cubana Hip Hop 40 Cm Plateado";internacional;5;16;82800;0;0;0;https://articulo.mercadolibre.com.co/MCO-4097395806-conjunto-collar-pulsera-cubana-hip-hop-40-cm-plateado-_JM
MUERTA: LIQUIDAR;3;MCO4223139034;"Anillo De 15 Años En Plata 975 Nacional Y Oro Laminado Palacio 7";internacional;1;7;185000;0;0;0;https://articulo.mercadolibre.com.co/MCO-4223139034-anillo-de-15-anos-en-plata-975-nacional-y-oro-laminado-palacio-7-_JM
MUERTA: LIQUIDAR;3;MCO4223139042;"Anillo De 15 Años En Plata 975 Nacional Y Oro Laminado Ensueño 15 7.5";internacional;1;0;185000;0;0;0;https://articulo.mercadolibre.com.co/MCO-4223139042-anillo-de-15-anos-en-plata-975-nacional-y-oro-laminado-ensueno-15-75-_JM
MUERTA: LIQUIDAR;3;MCO4223139052;"Anillo De 15 Años En Plata 975 Nacional Y Oro Laminado Tiara 15 7";internacional;1;0;185000;0;0;0;https://articulo.mercadolibre.com.co/MCO-4223139052-anillo-de-15-anos-en-plata-975-nacional-y-oro-laminado-tiara-15-7-_JM
MUERTA: LIQUIDAR;3;MCO4223139044;"Anillo De 15 Años En Plata 975 Nacional Y Oro Laminado Ensueño 15 6";internacional;1;0;185000;0;0;0;https://articulo.mercadolibre.com.co/MCO-4223139044-anillo-de-15-anos-en-plata-975-nacional-y-oro-laminado-ensueno-15-6-_JM
MUERTA: LIQUIDAR;3;MCO4223139048;"Anillo De 15 Años En Plata 975 Nacional Y Oro Laminado Tiara 15 6";internacional;1;1;185000;0;0;0;https://articulo.mercadolibre.com.co/MCO-4223139048-anillo-de-15-anos-en-plata-975-nacional-y-oro-laminado-tiara-15-6-_JM
MUERTA: LIQUIDAR;3;MCO2064456079;"Anillo De 15 Años En Plata 975 Nacional Y Oro Laminado Vals 15 6.5";internacional;1;1;185000;0;0;0;https://articulo.mercadolibre.com.co/MCO-2064456079-anillo-de-15-anos-en-plata-975-nacional-y-oro-laminado-vals-15-65-_JM
MUERTA: LIQUIDAR;3;MCO2064456077;"Anillo De 15 Años En Plata 975 Nacional Y Oro Laminado Encanto 15 6";internacional;1;1;185000;0;0;0;https://articulo.mercadolibre.com.co/MCO-2064456077-anillo-de-15-anos-en-plata-975-nacional-y-oro-laminado-encanto-15-6-_JM
MUERTA: LIQUIDAR;3;MCO2064456083;"Anillo De 15 Años En Plata 975 Nacional Y Oro Laminado Carruaje 15 Lila 6.5";internacional;1;1;185000;0;0;0;https://articulo.mercadolibre.com.co/MCO-2064456083-anillo-de-15-anos-en-plata-975-nacional-y-oro-laminado-carruaje-15-lila-65-_JM
MUERTA: LIQUIDAR;3;MCO2064456075;"Anillo De 15 Años En Plata 975 Nacional Y Oro Laminado Palacio 7.5";internacional;1;2;185000;0;0;0;https://articulo.mercadolibre.com.co/MCO-2064456075-anillo-de-15-anos-en-plata-975-nacional-y-oro-laminado-palacio-75-_JM
MUERTA: LIQUIDAR;3;MCO2064456081;"Anillo De 15 Años En Plata 975 Nacional Y Oro Laminado Palacio 8.5";internacional;1;1;185000;0;0;0;https://articulo.mercadolibre.com.co/MCO-2064456081-anillo-de-15-anos-en-plata-975-nacional-y-oro-laminado-palacio-85-_JM
MUERTA: LIQUIDAR;3;MCO2064456073;"Anillo De 15 Años En Plata 975 Nacional Y Oro Laminado Alteza 15 8";internacional;1;1;185000;0;0;0;https://articulo.mercadolibre.com.co/MCO-2064456073-anillo-de-15-anos-en-plata-975-nacional-y-oro-laminado-alteza-15-8-_JM
MUERTA: LIQUIDAR;3;MCO4223139040;"Anillo De 15 Años En Plata 975 Nacional Y Oro Laminado Corona 5.5";internacional;1;0;185000;0;0;0;https://articulo.mercadolibre.com.co/MCO-4223139040-anillo-de-15-anos-en-plata-975-nacional-y-oro-laminado-corona-55-_JM
MUERTA: LIQUIDAR;3;MCO4230741520;"Anillo En Plata 975 Para Mujer Promesa Elegante Nacional Unión Lila 8";internacional;1;2;125000;0;0;0;https://articulo.mercadolibre.com.co/MCO-4230741520-anillo-en-plata-975-para-mujer-promesa-elegante-nacional-union-lila-8-_JM
MUERTA: LIQUIDAR;3;MCO4230741516;"Anillo En Plata 975 Para Mujer Promesa Elegante Nacional Destino 6";internacional;2;1;125000;0;0;0;https://articulo.mercadolibre.com.co/MCO-4230741516-anillo-en-plata-975-para-mujer-promesa-elegante-nacional-destino-6-_JM
MUERTA: LIQUIDAR;3;MCO4230741508;"Anillo En Plata 975 Para Mujer Promesa Elegante Nacional Plenitud 8";internacional;1;0;125000;0;0;0;https://articulo.mercadolibre.com.co/MCO-4230741508-anillo-en-plata-975-para-mujer-promesa-elegante-nacional-plenitud-8-_JM
MUERTA: LIQUIDAR;3;MCO4230741522;"Anillo En Plata 975 Para Mujer Promesa Elegante Nacional Ilusión Verde 8.5";internacional;1;2;125000;0;0;0;https://articulo.mercadolibre.com.co/MCO-4230741522-anillo-en-plata-975-para-mujer-promesa-elegante-nacional-ilusion-verde-85-_JM
MUERTA: LIQUIDAR;3;MCO4230741506;"Anillo En Plata 975 Para Mujer Promesa Elegante Nacional Confianza 8";internacional;1;0;125000;0;0;0;https://articulo.mercadolibre.com.co/MCO-4230741506-anillo-en-plata-975-para-mujer-promesa-elegante-nacional-confianza-8-_JM
MUERTA: LIQUIDAR;3;MCO4230738896;"Anillo De Promesa Para Mujer En Plata Y Oro 18k Laminado Promesa 8";internacional;1;2;178000;0;0;0;https://articulo.mercadolibre.com.co/MCO-4230738896-anillo-de-promesa-para-mujer-en-plata-y-oro-18k-laminado-promesa-8-_JM
MUERTA: LIQUIDAR;3;MCO4230704876;"Anillo En Plata 975 Para Mujer Promesa Elegante Nacional Ilusión 6.5";internacional;1;0;125000;0;0;0;https://articulo.mercadolibre.com.co/MCO-4230704876-anillo-en-plata-975-para-mujer-promesa-elegante-nacional-ilusion-65-_JM
MUERTA: LIQUIDAR;3;MCO4230704880;"Anillo En Plata 975 Para Mujer Promesa Elegante Nacional Anhelo 6";internacional;1;1;125000;0;0;0;https://articulo.mercadolibre.com.co/MCO-4230704880-anillo-en-plata-975-para-mujer-promesa-elegante-nacional-anhelo-6-_JM
MUERTA: LIQUIDAR;3;MCO4230738898;"Anillo De Promesa Para Mujer En Plata Y Oro 18k Laminado Complicidad 8";internacional;1;1;178000;0;0;0;https://articulo.mercadolibre.com.co/MCO-4230738898-anillo-de-promesa-para-mujer-en-plata-y-oro-18k-laminado-complicidad-8-_JM
MUERTA: LIQUIDAR;3;MCO4230704882;"Anillo En Plata 975 Para Mujer Promesa Elegante Nacional Confianza 8.5";internacional;1;1;125000;0;0;0;https://articulo.mercadolibre.com.co/MCO-4230704882-anillo-en-plata-975-para-mujer-promesa-elegante-nacional-confianza-85-_JM
MUERTA: LIQUIDAR;3;MCO4230704878;"Anillo En Plata 975 Para Mujer Promesa Elegante Nacional Destino 6.5";internacional;1;0;125000;0;0;0;https://articulo.mercadolibre.com.co/MCO-4230704878-anillo-en-plata-975-para-mujer-promesa-elegante-nacional-destino-65-_JM
MUERTA: LIQUIDAR;3;MCO4230741514;"Anillo En Plata 975 Para Mujer Promesa Elegante Nacional Confianza 6.5";internacional;1;0;125000;0;0;0;https://articulo.mercadolibre.com.co/MCO-4230741514-anillo-en-plata-975-para-mujer-promesa-elegante-nacional-confianza-65-_JM
MUERTA: LIQUIDAR;3;MCO4230738894;"Anillo De Promesa Para Mujer En Plata Y Oro 18k Laminado Anhelo 7";internacional;1;1;178000;0;0;0;https://articulo.mercadolibre.com.co/MCO-4230738894-anillo-de-promesa-para-mujer-en-plata-y-oro-18k-laminado-anhelo-7-_JM
MUERTA: LIQUIDAR;3;MCO4230741518;"Anillo En Plata 975 Para Mujer Promesa Elegante Nacional Anhelo 7";internacional;1;1;125000;0;0;0;https://articulo.mercadolibre.com.co/MCO-4230741518-anillo-en-plata-975-para-mujer-promesa-elegante-nacional-anhelo-7-_JM
MUERTA: LIQUIDAR;3;MCO2064432239;"Anillo De 15 Años En Plata 975 Nacional Y Oro Laminado Promesa 15 7";internacional;1;2;185000;0;0;0;https://articulo.mercadolibre.com.co/MCO-2064432239-anillo-de-15-anos-en-plata-975-nacional-y-oro-laminado-promesa-15-7-_JM
MUERTA: LIQUIDAR;3;MCO4230741510;"Anillo En Plata 975 Para Mujer Promesa Elegante Nacional Ternura 9";internacional;1;1;125000;0;0;0;https://articulo.mercadolibre.com.co/MCO-4230741510-anillo-en-plata-975-para-mujer-promesa-elegante-nacional-ternura-9-_JM
MUERTA: LIQUIDAR;3;MCO4230738900;"Anillo De Promesa Para Mujer En Plata Y Oro 18k Laminado Promesa 7";internacional;2;0;178000;0;0;0;https://articulo.mercadolibre.com.co/MCO-4230738900-anillo-de-promesa-para-mujer-en-plata-y-oro-18k-laminado-promesa-7-_JM
MUERTA: LIQUIDAR;3;MCO4230741512;"Anillo En Plata 975 Para Mujer Promesa Elegante Nacional Lealtad 5.5";internacional;1;2;125000;0;0;0;https://articulo.mercadolibre.com.co/MCO-4230741512-anillo-en-plata-975-para-mujer-promesa-elegante-nacional-lealtad-55-_JM
MUERTA: LIQUIDAR;3;MCO4230704884;"Anillo En Plata 975 Para Mujer Promesa Elegante Nacional Destino 8";internacional;1;0;125000;0;0;0;https://articulo.mercadolibre.com.co/MCO-4230704884-anillo-en-plata-975-para-mujer-promesa-elegante-nacional-destino-8-_JM
MUERTA: LIQUIDAR;3;MCO4230704886;"Anillo En Plata 975 Para Mujer Promesa Elegante Nacional Devoción 7.5";internacional;1;1;125000;0;0;0;https://articulo.mercadolibre.com.co/MCO-4230704886-anillo-en-plata-975-para-mujer-promesa-elegante-nacional-devocion-75-_JM
MUERTA: LIQUIDAR;3;MCO4230652870;"Anillo De Promesa Para Mujer En Plata Y Oro 18k Laminado Entrega 8";internacional;1;2;178000;0;0;0;https://articulo.mercadolibre.com.co/MCO-4230652870-anillo-de-promesa-para-mujer-en-plata-y-oro-18k-laminado-entrega-8-_JM
MUERTA: LIQUIDAR;3;MCO4230702310;"Anillo De Promesa Para Mujer En Plata Y Oro 18k Laminado Anhelo 6";internacional;1;0;178000;0;0;0;https://articulo.mercadolibre.com.co/MCO-4230702310-anillo-de-promesa-para-mujer-en-plata-y-oro-18k-laminado-anhelo-6-_JM
MUERTA: LIQUIDAR;3;MCO4230702308;"Anillo De Promesa Para Mujer En Plata Y Oro 18k Laminado Entrega 6.5";internacional;1;0;178000;0;0;0;https://articulo.mercadolibre.com.co/MCO-4230702308-anillo-de-promesa-para-mujer-en-plata-y-oro-18k-laminado-entrega-65-_JM
MUERTA: LIQUIDAR;3;MCO4230655496;"Anillo En Plata 975 Para Mujer Promesa Elegante Nacional Plenitud 7";internacional;1;2;125000;0;0;0;https://articulo.mercadolibre.com.co/MCO-4230655496-anillo-en-plata-975-para-mujer-promesa-elegante-nacional-plenitud-7-_JM
MUERTA: LIQUIDAR;3;MCO4230655504;"Anillo En Plata 975 Para Mujer Promesa Elegante Nacional Fidelidad 8.5";internacional;1;1;125000;0;0;0;https://articulo.mercadolibre.com.co/MCO-4230655504-anillo-en-plata-975-para-mujer-promesa-elegante-nacional-fidelidad-85-_JM
MUERTA: LIQUIDAR;3;MCO4230652878;"Anillo De Promesa Para Mujer En Plata Y Oro 18k Laminado Anhelo 9";internacional;1;7;178000;0;0;0;https://articulo.mercadolibre.com.co/MCO-4230652878-anillo-de-promesa-para-mujer-en-plata-y-oro-18k-laminado-anhelo-9-_JM
MUERTA: LIQUIDAR;3;MCO4230655508;"Anillo En Plata 975 Para Mujer Promesa Elegante Nacional Destino Verde 5.5";internacional;1;2;125000;0;0;0;https://articulo.mercadolibre.com.co/MCO-4230655508-anillo-en-plata-975-para-mujer-promesa-elegante-nacional-destino-verde-55-_JM
MUERTA: LIQUIDAR;3;MCO4230655510;"Anillo En Plata 975 Para Mujer Promesa Elegante Nacional Devoción 6";internacional;1;1;125000;0;0;0;https://articulo.mercadolibre.com.co/MCO-4230655510-anillo-en-plata-975-para-mujer-promesa-elegante-nacional-devocion-6-_JM
MUERTA: LIQUIDAR;3;MCO4230702312;"Anillo De Promesa Para Mujer En Plata Y Oro 18k Laminado Eternidad 6";internacional;1;1;178000;0;0;0;https://articulo.mercadolibre.com.co/MCO-4230702312-anillo-de-promesa-para-mujer-en-plata-y-oro-18k-laminado-eternidad-6-_JM
MUERTA: LIQUIDAR;3;MCO4230655502;"Anillo En Plata 975 Para Mujer Promesa Elegante Nacional Unión Rosa 8";internacional;1;7;125000;0;0;0;https://articulo.mercadolibre.com.co/MCO-4230655502-anillo-en-plata-975-para-mujer-promesa-elegante-nacional-union-rosa-8-_JM
MUERTA: LIQUIDAR;3;MCO4230652872;"Anillo De Promesa Para Mujer En Plata Y Oro 18k Laminado Complicidad 7";internacional;1;3;178000;0;0;0;https://articulo.mercadolibre.com.co/MCO-4230652872-anillo-de-promesa-para-mujer-en-plata-y-oro-18k-laminado-complicidad-7-_JM
MUERTA: LIQUIDAR;3;MCO4230652884;"Anillo De Promesa Para Mujer En Plata Y Oro 18k Laminado Eternidad 8";internacional;1;2;178000;0;0;0;https://articulo.mercadolibre.com.co/MCO-4230652884-anillo-de-promesa-para-mujer-en-plata-y-oro-18k-laminado-eternidad-8-_JM
MUERTA: LIQUIDAR;3;MCO4230652876;"Anillo De Promesa Para Mujer En Plata Y Oro 18k Laminado Promesa 6";internacional;1;0;178000;0;0;0;https://articulo.mercadolibre.com.co/MCO-4230652876-anillo-de-promesa-para-mujer-en-plata-y-oro-18k-laminado-promesa-6-_JM
MUERTA: LIQUIDAR;3;MCO4230652882;"Anillo De Promesa Para Mujer En Plata Y Oro 18k Laminado Anhelo 8";internacional;1;0;178000;0;0;0;https://articulo.mercadolibre.com.co/MCO-4230652882-anillo-de-promesa-para-mujer-en-plata-y-oro-18k-laminado-anhelo-8-_JM
MUERTA: LIQUIDAR;3;MCO4230652880;"Anillo De Promesa Para Mujer En Plata Y Oro 18k Laminado Entrega 6";internacional;1;1;178000;0;0;0;https://articulo.mercadolibre.com.co/MCO-4230652880-anillo-de-promesa-para-mujer-en-plata-y-oro-18k-laminado-entrega-6-_JM
MUERTA: LIQUIDAR;3;MCO4230655506;"Anillo En Plata 975 Para Mujer Promesa Elegante Nacional Ilusión 7";internacional;1;2;125000;0;0;0;https://articulo.mercadolibre.com.co/MCO-4230655506-anillo-en-plata-975-para-mujer-promesa-elegante-nacional-ilusion-7-_JM
MUERTA: LIQUIDAR;3;MCO4230655500;"Anillo En Plata 975 Para Mujer Promesa Elegante Nacional Ilusión 7.5";internacional;1;0;125000;0;0;0;https://articulo.mercadolibre.com.co/MCO-4230655500-anillo-en-plata-975-para-mujer-promesa-elegante-nacional-ilusion-75-_JM
MUERTA: LIQUIDAR;3;MCO4230655498;"Anillo En Plata 975 Para Mujer Promesa Elegante Nacional Fidelidad 8";internacional;1;1;125000;0;0;0;https://articulo.mercadolibre.com.co/MCO-4230655498-anillo-en-plata-975-para-mujer-promesa-elegante-nacional-fidelidad-8-_JM
MUERTA: LIQUIDAR;3;MCO4230652874;"Anillo De Promesa Para Mujer En Plata Y Oro 18k Laminado Eternidad 7";internacional;1;0;178000;0;0;0;https://articulo.mercadolibre.com.co/MCO-4230652874-anillo-de-promesa-para-mujer-en-plata-y-oro-18k-laminado-eternidad-7-_JM
MUERTA: LIQUIDAR;3;MCO4230655494;"Anillo En Plata 975 Para Mujer Promesa Elegante Nacional Ternura 7";internacional;1;1;125000;0;0;0;https://articulo.mercadolibre.com.co/MCO-4230655494-anillo-en-plata-975-para-mujer-promesa-elegante-nacional-ternura-7-_JM
MUERTA: LIQUIDAR;3;MCO2068278399;"Anillo Para Mujer Elegante Plata 975 Laminado Oro Estuche Nébula 6.5";internacional;1;0;185000;0;0;0;https://articulo.mercadolibre.com.co/MCO-2068278399-anillo-para-mujer-elegante-plata-975-laminado-oro-estuche-nebula-65-_JM
MUERTA: LIQUIDAR;3;MCO2068241443;"Anillo Para Mujer Elegante Plata 975 Laminado Oro Estuche Umbra 7.5";internacional;1;0;185000;0;0;0;https://articulo.mercadolibre.com.co/MCO-2068241443-anillo-para-mujer-elegante-plata-975-laminado-oro-estuche-umbra-75-_JM
MUERTA: LIQUIDAR;3;MCO2067988209;"Anillo De Plata 975 Laminado En Oro Para Hombre Con Zirconio Nemea 8.5";internacional;3;0;198000;0;0;0;https://articulo.mercadolibre.com.co/MCO-2067988209-anillo-de-plata-975-laminado-en-oro-para-hombre-con-zirconio-nemea-85-_JM
MUERTA: LIQUIDAR;3;MCO2068290713;"Anillo Para Mujer Elegante Plata 975 Laminado Oro Estuche Sideral 8";internacional;1;0;185000;0;0;0;https://articulo.mercadolibre.com.co/MCO-2068290713-anillo-para-mujer-elegante-plata-975-laminado-oro-estuche-sideral-8-_JM
MUERTA: LIQUIDAR;3;MCO2068278401;"Anillo Para Mujer Elegante Plata 975 Laminado Oro Estuche Órbita 7.5";internacional;1;0;185000;0;0;0;https://articulo.mercadolibre.com.co/MCO-2068278401-anillo-para-mujer-elegante-plata-975-laminado-oro-estuche-orbita-75-_JM
MUERTA: LIQUIDAR;3;MCO2068290715;"Anillo Para Mujer Elegante Plata 975 Laminado Oro Estuche Andrómeda 7";internacional;1;1;185000;0;0;0;https://articulo.mercadolibre.com.co/MCO-2068290715-anillo-para-mujer-elegante-plata-975-laminado-oro-estuche-andromeda-7-_JM
MUERTA: LIQUIDAR;3;MCO2068000681;"Anillo De Plata 975 Laminado En Oro Para Hombre Con Zirconio Cronos 11";internacional;1;2;198000;0;0;0;https://articulo.mercadolibre.com.co/MCO-2068000681-anillo-de-plata-975-laminado-en-oro-para-hombre-con-zirconio-cronos-11-_JM
MUERTA: LIQUIDAR;3;MCO2068278403;"Anillo Para Mujer Elegante Plata 975 Laminado Oro Estuche Eclipse 7";internacional;1;1;185000;0;0;0;https://articulo.mercadolibre.com.co/MCO-2068278403-anillo-para-mujer-elegante-plata-975-laminado-oro-estuche-eclipse-7-_JM
MUERTA: LIQUIDAR;3;MCO2067988213;"Anillo De Plata 975 Laminado En Oro Para Hombre Con Zirconio Titan Plateado 10";internacional;1;4;198000;0;0;0;https://articulo.mercadolibre.com.co/MCO-2067988213-anillo-de-plata-975-laminado-en-oro-para-hombre-con-zirconio-titan-plateado-10-_JM
MUERTA: LIQUIDAR;3;MCO2068241445;"Anillo Para Mujer Elegante Plata 975 Laminado Oro Estuche Órbita 8";internacional;1;0;185000;0;0;0;https://articulo.mercadolibre.com.co/MCO-2068241445-anillo-para-mujer-elegante-plata-975-laminado-oro-estuche-orbita-8-_JM
MUERTA: LIQUIDAR;3;MCO2068241447;"Anillo Para Mujer Elegante Plata 975 Laminado Oro Estuche Órbita 8.5";internacional;1;0;185000;0;0;0;https://articulo.mercadolibre.com.co/MCO-2068241447-anillo-para-mujer-elegante-plata-975-laminado-oro-estuche-orbita-85-_JM
MUERTA: LIQUIDAR;3;MCO2067988211;"Anillo De Plata 975 Laminado En Oro Para Hombre Con Zirconio Titan Azul 10";internacional;1;2;198000;0;0;0;https://articulo.mercadolibre.com.co/MCO-2067988211-anillo-de-plata-975-laminado-en-oro-para-hombre-con-zirconio-titan-azul-10-_JM
MUERTA: LIQUIDAR;3;MCO2068000677;"Anillo De Plata 975 Laminado En Oro Para Hombre Con Zirconio Nemea 10";internacional;1;11;198000;0;0;0;https://articulo.mercadolibre.com.co/MCO-2068000677-anillo-de-plata-975-laminado-en-oro-para-hombre-con-zirconio-nemea-10-_JM
MUERTA: LIQUIDAR;3;MCO2068241449;"Anillo Para Mujer Elegante Plata 975 Laminado Oro Estuche Gravedad 8.5";internacional;1;0;185000;0;0;0;https://articulo.mercadolibre.com.co/MCO-2068241449-anillo-para-mujer-elegante-plata-975-laminado-oro-estuche-gravedad-85-_JM
MUERTA: LIQUIDAR;3;MCO2068000679;"Anillo De Plata 975 Laminado En Oro Para Hombre Con Zirconio Cronos 10";internacional;2;2;198000;0;0;0;https://articulo.mercadolibre.com.co/MCO-2068000679-anillo-de-plata-975-laminado-en-oro-para-hombre-con-zirconio-cronos-10-_JM
MUERTA: LIQUIDAR;3;MCO2068290717;"Anillo Para Mujer Elegante Plata 975 Laminado Oro Estuche Umbra 8.5";internacional;2;0;185000;0;0;0;https://articulo.mercadolibre.com.co/MCO-2068290717-anillo-para-mujer-elegante-plata-975-laminado-oro-estuche-umbra-85-_JM
MUERTA: LIQUIDAR;3;MCO2068290719;"Anillo Para Mujer Elegante Plata 975 Laminado Oro Estuche Nébula 8";internacional;1;0;185000;0;0;0;https://articulo.mercadolibre.com.co/MCO-2068290719-anillo-para-mujer-elegante-plata-975-laminado-oro-estuche-nebula-8-_JM
MUERTA: LIQUIDAR;3;MCO2068290721;"Anillo Para Mujer Elegante Plata 975 Laminado Oro Estuche Kilonova 8";internacional;1;2;185000;0;0;0;https://articulo.mercadolibre.com.co/MCO-2068290721-anillo-para-mujer-elegante-plata-975-laminado-oro-estuche-kilonova-8-_JM
MUERTA: LIQUIDAR;3;MCO2068278397;"Anillo Para Mujer Elegante Plata 975 Laminado Oro Estuche Nébula 7";internacional;1;0;185000;0;0;0;https://articulo.mercadolibre.com.co/MCO-2068278397-anillo-para-mujer-elegante-plata-975-laminado-oro-estuche-nebula-7-_JM
MUERTA: LIQUIDAR;3;MCO2068278395;"Anillo Para Mujer Elegante Plata 975 Laminado Oro Estuche Órbita 7";internacional;1;0;185000;0;0;0;https://articulo.mercadolibre.com.co/MCO-2068278395-anillo-para-mujer-elegante-plata-975-laminado-oro-estuche-orbita-7-_JM
MUERTA: LIQUIDAR;3;MCO2067925447;"Anillo De Plata 975 Laminado En Oro Para Hombre Con Zirconio Nemea 9";internacional;1;0;198000;0;0;0;https://articulo.mercadolibre.com.co/MCO-2067925447-anillo-de-plata-975-laminado-en-oro-para-hombre-con-zirconio-nemea-9-_JM
MUERTA: LIQUIDAR;3;MCO2067925449;"Anillo De Plata 975 Laminado En Oro Para Hombre Con Zirconio Zeus 9";internacional;1;1;198000;0;0;0;https://articulo.mercadolibre.com.co/MCO-2067925449-anillo-de-plata-975-laminado-en-oro-para-hombre-con-zirconio-zeus-9-_JM
MUERTA: LIQUIDAR;3;MCO2067925445;"Anillo De Plata 975 Laminado En Oro Para Hombre Con Zirconio Zeus 11";internacional;1;0;198000;0;0;0;https://articulo.mercadolibre.com.co/MCO-2067925445-anillo-de-plata-975-laminado-en-oro-para-hombre-con-zirconio-zeus-11-_JM
NADIE LA VE;4;MCO565672357;"Zapato Zapatilla Baleta De Ceremonia Tipo Princesa";sin clasificar;49;7;115900;1666000;4;0;https://articulo.mercadolibre.com.co/MCO-565672357-zapato-zapatilla-baleta-de-ceremonia-tipo-princesa-_JM
NADIE LA VE;4;MCO611698205;"Sandalia Tacón Niña Dama Comoda Ocasión Elegante Fiesta";sin clasificar;32;5;125000;1024000;0;1;https://articulo.mercadolibre.com.co/MCO-611698205-sandalia-tacon-nina-dama-comoda-ocasion-elegante-fiesta-_JM
NADIE LA VE;4;MCO1337156981;"Sandalia Para Niña De Fiesta Elegante Primera Comunión ";sin clasificar;19;6;138900;646000;1;2;https://articulo.mercadolibre.com.co/MCO-1337156981-sandalia-para-nina-de-fiesta-elegante-primera-comunion-_JM
NADIE LA VE;4;MCO2589261256;"Sandalia Elegante Niña Fiesta Ocasión Primera Comunión";sin clasificar;13;6;129900;442000;1;0;https://articulo.mercadolibre.com.co/MCO-2589261256-sandalia-elegante-nina-fiesta-ocasion-primera-comunion-_JM
NADIE LA VE;4;MCO977489323;"Tiara Corona Tocado Mujer Sepia Primera Comunión Metal";sin clasificar;28;2;59800;383768;27;5;https://articulo.mercadolibre.com.co/MCO-977489323-tiara-corona-tocado-mujer-sepia-primera-comunion-metal-_JM
NADIE LA VE;4;MCO2589272344;"Zapato Baleta Para Niña Primera Comunión";sin clasificar;16;5;109900;368000;15;3;https://articulo.mercadolibre.com.co/MCO-2589272344-zapato-baleta-para-nina-primera-comunion-_JM
NADIE LA VE;4;MCO611697399;"Media Velada Blanco Niña Pantalon Premium Toda Talla";sin clasificar;33;4;31800;280500;11;14;https://articulo.mercadolibre.com.co/MCO-611697399-media-velada-blanco-nina-pantalon-premium-toda-talla-_JM
NADIE LA VE;4;MCO603903304;"Cirio De Primera Comunión Decorados ";nacional;31;6;47900;279000;6;7;https://articulo.mercadolibre.com.co/MCO-603903304-cirio-de-primera-comunion-decorados-_JM
NADIE LA VE;4;MCO611710701;"Corona Floral Primera Comunión";sin clasificar;23;5;42800;218500;2;0;https://articulo.mercadolibre.com.co/MCO-611710701-corona-floral-primera-comunion-_JM
NADIE LA VE;4;MCO623718361;"Cirio Confirmación Decorado";nacional;23;16;40900;207000;9;7;https://articulo.mercadolibre.com.co/MCO-623718361-cirio-confirmacion-decorado-_JM
NADIE LA VE;4;MCO1430161529;"Broche Para Dama En Forma De Flores Libélula Trébol Corona ";sin clasificar;39;13;34900;206700;24;5;https://articulo.mercadolibre.com.co/MCO-1430161529-broche-para-dama-en-forma-de-flores-libelula-trebol-corona-_JM
NADIE LA VE;4;MCO1103703735;"Accesorios Novia Matrimonio Diadema Tiara Tocado 100 Cm";sin clasificar;20;7;55900;202460;5;1;https://articulo.mercadolibre.com.co/MCO-1103703735-accesorios-novia-matrimonio-diadema-tiara-tocado-100-cm-_JM
NADIE LA VE;4;MCO977746143;"Tiara Tocado Diadema Novia Quinceañera 50cm";sin clasificar;31;11;41900;186000;59;14;https://articulo.mercadolibre.com.co/MCO-977746143-tiara-tocado-diadema-novia-quinceanera-50cm-_JM
NADIE LA VE;4;MCO1607472181;"Corbatin Niño Elegante Seda";nacional;50;5;23800;159600;10;3;https://articulo.mercadolibre.com.co/MCO-1607472181-corbatin-nino-elegante-seda-_JM
NADIE LA VE;4;MCO622334475;"Pava Bautizo Niña Bebe";sin clasificar;13;8;46900;143000;6;0;https://articulo.mercadolibre.com.co/MCO-622334475-pava-bautizo-nina-bebe-_JM
NADIE LA VE;4;MCO908412511;"Tocado Tiara Corona Para Novia  Quinceañera Primera Comunión Plateado";sin clasificar;14;1;55000;131222;2;0;https://articulo.mercadolibre.com.co/MCO-908412511-tocado-tiara-corona-para-novia-quinceanera-primera-comunion-plateado-_JM
NADIE LA VE;4;MCO1453059350;"Pin Broche Para Caballero Elegante ";sin clasificar;17;7;41900;123590;4;3;https://articulo.mercadolibre.com.co/MCO-1453059350-pin-broche-para-caballero-elegante-_JM
NADIE LA VE;4;MCO1103668880;"Pin Broche De Cuello Para Camisa Unisex ";sin clasificar;19;3;37900;123348;1;2;https://articulo.mercadolibre.com.co/MCO-1103668880-pin-broche-de-cuello-para-camisa-unisex-_JM
NADIE LA VE;4;MCO636770710;"Kit Primera Comunión Niña Cirio Corona Guantes Libro Rosario";nacional;4;18;98800;116000;1;3;https://articulo.mercadolibre.com.co/MCO-636770710-kit-primera-comunion-nina-cirio-corona-guantes-libro-rosario-_JM
NADIE LA VE;4;MCO1315115529;"Pin  Prendedor Broche Metalico Hombre Traje";sin clasificar;18;12;38800;108324;1;3;https://articulo.mercadolibre.com.co/MCO-1315115529-pin-prendedor-broche-metalico-hombre-traje-_JM
NADIE LA VE;4;MCO612897484;"Pañuelo Blanco Para Bautizo";sin clasificar;19;19;21800;95000;1;0;https://articulo.mercadolibre.com.co/MCO-612897484-panuelo-blanco-para-bautizo-_JM
NADIE LA VE;4;MCO1307277899;"Tirantes Unisex Junior";sin clasificar;21;3;27800;94500;0;1;https://articulo.mercadolibre.com.co/MCO-1307277899-tirantes-unisex-junior-_JM
NADIE LA VE;4;MCO2256248404;"Pin Caballero En Forma De Rosa ";sin clasificar;35;4;23800;87500;36;11;https://articulo.mercadolibre.com.co/MCO-2256248404-pin-caballero-en-forma-de-rosa-_JM
NADIE LA VE;4;MCO1279437795;"Accesorio Broche Pin  Y Pisa Cuello Para Traje Hombre ";sin clasificar;8;7;49800;87392;2;0;https://articulo.mercadolibre.com.co/MCO-1279437795-accesorio-broche-pin-y-pisa-cuello-para-traje-hombre-_JM
NADIE LA VE;4;MCO962498367;"Tocado Peineta Novia Quinceañera Primera Comunión";sin clasificar;15;13;36900;83955;26;6;https://articulo.mercadolibre.com.co/MCO-962498367-tocado-peineta-novia-quinceanera-primera-comunion-_JM
NADIE LA VE;4;MCO1315103449;"Accesorios Para El Cabello Tocado Bautizo Primera Comunión Blanco";sin clasificar;6;5;56900;67026;1;2;https://articulo.mercadolibre.com.co/MCO-1315103449-accesorios-para-el-cabello-tocado-bautizo-primera-comunion-blanco-_JM
NADIE LA VE;4;MCO977489243;"Tiara Corona Tocado Mariposa Niña Primera Comunión Elegante";sin clasificar;6;6;64900;61944;17;4;https://articulo.mercadolibre.com.co/MCO-977489243-tiara-corona-tocado-mariposa-nina-primera-comunion-elegante-_JM
NADIE LA VE;4;MCO1439134215;"Colador De Té Reutilizable De Acero Inoxidable Plateado";sin clasificar;5;3;34900;59330;2;0;https://articulo.mercadolibre.com.co/MCO-1439134215-colador-de-te-reutilizable-de-acero-inoxidable-plateado-_JM
NADIE LA VE;4;MCO1103945805;"Tocado Flora Diadema Corona Peinado Novia Tiara Plateado";sin clasificar;5;11;48900;58120;13;2;https://articulo.mercadolibre.com.co/MCO-1103945805-tocado-flora-diadema-corona-peinado-novia-tiara-plateado-_JM
NADIE LA VE;4;MCO1546012738;"Accesorios Para El Cabello Tocado Novia  Plateado";sin clasificar;3;4;54900;57369;0;1;https://articulo.mercadolibre.com.co/MCO-1546012738-accesorios-para-el-cabello-tocado-novia-plateado-_JM
NADIE LA VE;4;MCO1619521095;"Conjunto Collar Pulsera Cubana Hip Hop 40 Cm Dorado";internacional;3;8;82800;53577;0;1;https://articulo.mercadolibre.com.co/MCO-1619521095-conjunto-collar-pulsera-cubana-hip-hop-40-cm-dorado-_JM
NADIE LA VE;4;MCO1703110710;"Tocado Pinza Para El Cabello Novia Quinceañera  Blanco";sin clasificar;6;10;44900;52428;13;2;https://articulo.mercadolibre.com.co/MCO-1703110710-tocado-pinza-para-el-cabello-novia-quinceanera-blanco-_JM
NADIE LA VE;4;MCO611883633;"Libro Para Primera Comunión";sin clasificar;16;17;14900;48000;2;2;https://articulo.mercadolibre.com.co/MCO-611883633-libro-para-primera-comunion-_JM
NADIE LA VE;4;MCO1402745233;"Conjunto Deportivo Top Y Short Para Dama ";sin clasificar;3;7;68800;45000;8;0;https://articulo.mercadolibre.com.co/MCO-1402745233-conjunto-deportivo-top-y-short-para-dama-_JM
NADIE LA VE;4;MCO612898703;"Guante Algodón Blanco Niños Adultos Formal Toda Ocasión";sin clasificar;11;3;20900;44000;2;0;https://articulo.mercadolibre.com.co/MCO-612898703-guante-algodon-blanco-ninos-adultos-formal-toda-ocasion-_JM
NADIE LA VE;4;MCO1202899663;"Correa Cinturon Reata Elastica Caballero Hebilla Metalica";sin clasificar;6;14;56800;42000;2;1;https://articulo.mercadolibre.com.co/MCO-1202899663-correa-cinturon-reata-elastica-caballero-hebilla-metalica-_JM
NADIE LA VE;4;MCO2209000154;"Pisa Corbata Clip Magnético Invisible Para Corbata Plateado";nacional;7;8;28900;40572;1;0;https://articulo.mercadolibre.com.co/MCO-2209000154-pisa-corbata-clip-magnetico-invisible-para-corbata-plateado-_JM
NADIE LA VE;4;MCO1289060467;"Pin Broche Para Caballero Elegante Dorado";sin clasificar;4;16;45800;40480;2;1;https://articulo.mercadolibre.com.co/MCO-1289060467-pin-broche-para-caballero-elegante-dorado-_JM
NADIE LA VE;4;MCO977578605;"Tocado Cabello Novia O Primera Comunión Floral Perlas Blanco";sin clasificar;6;7;56900;38226;3;2;https://articulo.mercadolibre.com.co/MCO-977578605-tocado-cabello-novia-o-primera-comunion-floral-perlas-blanco-_JM
NADIE LA VE;4;MCO1384180873;"Pulsera Cadena Anillos Muñeca Gotico Punk Hombre Mujer";internacional;9;17;28900;31824;10;1;https://articulo.mercadolibre.com.co/MCO-1384180873-pulsera-cadena-anillos-muneca-gotico-punk-hombre-mujer-_JM
NADIE LA VE;4;MCO2506951786;"Collar Con Diamantes De Imitación De Gota De Agua Para Mujer";internacional;3;0;49900;30462;2;1;https://articulo.mercadolibre.com.co/MCO-2506951786-collar-con-diamantes-de-imitacion-de-gota-de-agua-para-mujer-_JM
NADIE LA VE;4;MCO1559564886;"Pantalón Jean Licrado Negro Para Niño";sin clasificar;1;3;112900;30000;0;3;https://articulo.mercadolibre.com.co/MCO-1559564886-pantalon-jean-licrado-negro-para-nino-_JM
NADIE LA VE;4;MCO1107200781;"Tocado Diadema Tiara Corona Novia Brillante Largo Plateado";sin clasificar;3;18;46800;29508;8;2;https://articulo.mercadolibre.com.co/MCO-1107200781-tocado-diadema-tiara-corona-novia-brillante-largo-plateado-_JM
NADIE LA VE;4;MCO1023461984;"Guantes Satinados Para Bautizo ";sin clasificar;4;5;36800;28452;7;2;https://articulo.mercadolibre.com.co/MCO-1023461984-guantes-satinados-para-bautizo-_JM
NADIE LA VE;4;MCO1103946086;"Tiara Tocado Cabello Diadema Corona Novia Primera Comunión Blanco";sin clasificar;3;0;43800;25788;3;2;https://articulo.mercadolibre.com.co/MCO-1103946086-tiara-tocado-cabello-diadema-corona-novia-primera-comunion-blanco-_JM
NADIE LA VE;4;MCO1935394030;"Aretes Pendientes Elegantes Para Fiesta Brillantes Plateado";internacional;3;6;40900;25605;2;1;https://articulo.mercadolibre.com.co/MCO-1935394030-aretes-pendientes-elegantes-para-fiesta-brillantes-plateado-_JM
NADIE LA VE;4;MCO1929265107;"Collar Pulsera Tennis Verde Esmeralda Mujer Elegante Verde";internacional;3;5;55000;25500;1;0;https://articulo.mercadolibre.com.co/MCO-1929265107-collar-pulsera-tennis-verde-esmeralda-mujer-elegante-verde-_JM
NADIE LA VE;4;MCO1341436359;"Liguero De Encaje Para Mujer Accesorio De Boda Blanco";sin clasificar;3;0;31900;25119;1;1;https://articulo.mercadolibre.com.co/MCO-1341436359-liguero-de-encaje-para-mujer-accesorio-de-boda-blanco-_JM
NADIE LA VE;4;MCO3699784830;"Juego Collar Aretes Cobre Mujer Fiesta Plateado Azul Agua";internacional;2;16;65000;24458;3;0;https://articulo.mercadolibre.com.co/MCO-3699784830-juego-collar-aretes-cobre-mujer-fiesta-plateado-azul-agua-_JM
NADIE LA VE;4;MCO1319087635;"Tirantas Pierna Camisa Sin Arrugas Adulto";sin clasificar;2;9;44900;24276;6;8;https://articulo.mercadolibre.com.co/MCO-1319087635-tirantas-pierna-camisa-sin-arrugas-adulto-_JM
NADIE LA VE;4;MCO2143670466;"Short Legging Corto Gimnasio Yoga Hip Raise";sin clasificar;2;4;43900;23492;5;2;https://articulo.mercadolibre.com.co/MCO-2143670466-short-legging-corto-gimnasio-yoga-hip-raise-_JM
NADIE LA VE;4;MCO2203141136;"Toalla Turbante Para Pelo Microfibra Para Secar Cabello";sin clasificar;4;1;27800;23412;2;0;https://articulo.mercadolibre.com.co/MCO-2203141136-toalla-turbante-para-pelo-microfibra-para-secar-cabello-_JM
NADIE LA VE;4;MCO1554089501;"Tiara Corona Reina Quinceañera Primera Comunión Azul";sin clasificar;1;16;89900;22622;8;2;https://articulo.mercadolibre.com.co/MCO-1554089501-tiara-corona-reina-quinceanera-primera-comunion-azul-_JM
NADIE LA VE;4;MCO977555376;"Tocado Cabello Diadema Novia Quinceañera Primera Comunión Plateado";sin clasificar;3;16;43800;22272;12;2;https://articulo.mercadolibre.com.co/MCO-977555376-tocado-cabello-diadema-novia-quinceanera-primera-comunion-plateado-_JM
NADIE LA VE;4;MCO902494422;"Pinza Para El Pelo Flores Y Perlas De Cristal Para Novia Blanco";sin clasificar;6;2;45900;21924;1;0;https://articulo.mercadolibre.com.co/MCO-902494422-pinza-para-el-pelo-flores-y-perlas-de-cristal-para-novia-blanco-_JM
NADIE LA VE;4;MCO1292320061;"Aretes Elegantes Para Fiesta Novia Quinceañera Primera Comun Dorado";internacional;3;5;37900;20484;3;3;https://articulo.mercadolibre.com.co/MCO-1292320061-aretes-elegantes-para-fiesta-novia-quinceanera-primera-comun-dorado-_JM
NADIE LA VE;4;MCO2849135822;"Filtro Colador Infusor Té Aromática Hierbas Acero Inoxidable Plateado";sin clasificar;3;5;31900;20472;4;0;https://articulo.mercadolibre.com.co/MCO-2849135822-filtro-colador-infusor-te-aromatica-hierbas-acero-inoxidable-plateado-_JM
NADIE LA VE;4;MCO2200325212;"Conjunto De Lencería Erótica Sexy  ";sin clasificar;1;0;56900;18173;2;2;https://articulo.mercadolibre.com.co/MCO-2200325212-conjunto-de-lenceria-erotica-sexy-_JM
NADIE LA VE;4;MCO1436814037;"Cadena Para La Cintura Con Decoración Para Dama Elegante Plateado";internacional;2;1;42800;17000;1;0;https://articulo.mercadolibre.com.co/MCO-1436814037-cadena-para-la-cintura-con-decoracion-para-dama-elegante-plateado-_JM
NADIE LA VE;4;MCO2908157008;"Capa Impermeable Lluvia Perro Mascotas Lluvia";sin clasificar;1;2;59900;15500;2;0;https://articulo.mercadolibre.com.co/MCO-2908157008-capa-impermeable-lluvia-perro-mascotas-lluvia-_JM
NADIE LA VE;4;MCO2256331024;"Aretes Para Mujer Perlas Colgantes  Plateado";internacional;6;2;21800;15126;10;2;https://articulo.mercadolibre.com.co/MCO-2256331024-aretes-para-mujer-perlas-colgantes-plateado-_JM
NADIE LA VE;4;MCO2208923306;"Mentonera De Nailon Anti Ronquido ";sin clasificar;2;3;29800;13244;16;3;https://articulo.mercadolibre.com.co/MCO-2208923306-mentonera-de-nailon-anti-ronquido-_JM
NADIE LA VE;4;MCO1925465758;"Accesorio Tocado Para El Cabello Vincha Diadema Tiara Plateado";sin clasificar;1;0;48800;11600;1;2;https://articulo.mercadolibre.com.co/MCO-1925465758-accesorio-tocado-para-el-cabello-vincha-diadema-tiara-plateado-_JM
NADIE LA VE;4;MCO3510021052;"Collar Cadena Sistema Solar Espacio Planetas Galaxia";internacional;2;7;31900;11360;9;0;https://articulo.mercadolibre.com.co/MCO-3510021052-collar-cadena-sistema-solar-espacio-planetas-galaxia-_JM
NADIE LA VE;4;MCO1768316415;"Collar Dragon Elegante Colgante Gótico Con Piedra";internacional;2;12;28900;10200;3;0;https://articulo.mercadolibre.com.co/MCO-1768316415-collar-dragon-elegante-colgante-gotico-con-piedra-_JM
NADIE LA VE;4;MCO2849226024;"Protector De Talón Para Fascitis Plantar";sin clasificar;1;11;39900;9833;0;2;https://articulo.mercadolibre.com.co/MCO-2849226024-protector-de-talon-para-fascitis-plantar-_JM
NADIE LA VE;4;MCO585628863;"Zapato De Fiesta Niña -elegante -bautizo - Primera Comunión";sin clasificar;28;1;115900;0;1;0;https://articulo.mercadolibre.com.co/MCO-585628863-zapato-de-fiesta-nina-elegante-bautizo-primera-comunion-_JM
NADIE LA VE;4;MCO603949928;"Combo De Primera Comunión; Libro, Camandula Y Guantes";sin clasificar;7;14;40900;0;1;3;https://articulo.mercadolibre.com.co/MCO-603949928-combo-de-primera-comunion-libro-camandula-y-guantes-_JM
NADIE LA VE;4;MCO3473531238;"Collar Mujer Cadena Dije Girasol Giratorio Antiestrés Dorado";internacional;6;18;49800;0;3;0;https://articulo.mercadolibre.com.co/MCO-3473531238-collar-mujer-cadena-dije-girasol-giratorio-antiestres-dorado-_JM
NADIE LA VE;4;MCO1790121585;"Collar Cadena Girasol Mujer Dorado Giratorio Elegante Dorado";internacional;4;17;49800;0;3;0;https://articulo.mercadolibre.com.co/MCO-1790121585-collar-cadena-girasol-mujer-dorado-giratorio-elegante-dorado-_JM
NADIE LA VE;4;MCO1795728731;"Collar Dije Demonio Japones Diablo Acero Color Plata Dorado";internacional;3;0;45900;0;2;0;https://articulo.mercadolibre.com.co/MCO-1795728731-collar-dije-demonio-japones-diablo-acero-color-plata-dorado-_JM
NADIE LA VE;4;MCO2988507526;"Juego Plateado Collar Y Aretes Anillo Quinceaños Novia Plateado";internacional;7;11;65000;0;9;7;https://articulo.mercadolibre.com.co/MCO-2988507526-juego-plateado-collar-y-aretes-anillo-quinceanos-novia-plateado-_JM
ESPERAR SU TEMPORADA;5;MCO1202864271;"Corbata Larga Satinada Slim Juvenil Elegante";nacional;57;19;28900;427500;67;146;https://articulo.mercadolibre.com.co/MCO-1202864271-corbata-larga-satinada-slim-juvenil-elegante-_JM
ESPERAR SU TEMPORADA;5;MCO2589196906;"Zapato Zapatilla Elegante Ocación Especial Comunión Niña";sin clasificar;8;7;120000;272000;0;5;https://articulo.mercadolibre.com.co/MCO-2589196906-zapato-zapatilla-elegante-ocacion-especial-comunion-nina-_JM
ESPERAR SU TEMPORADA;5;MCO636762652;"Kit Primera Comunión Niña Cirio Guantes Libro Camándula";nacional;7;10;84900;136500;0;5;https://articulo.mercadolibre.com.co/MCO-636762652-kit-primera-comunion-nina-cirio-guantes-libro-camandula-_JM
ESPERAR SU TEMPORADA;5;MCO902492984;"Guantes Niña Primera Comunión Ajustables";sin clasificar;17;8;31900;119272;8;19;https://articulo.mercadolibre.com.co/MCO-902492984-guantes-nina-primera-comunion-ajustables-_JM
ESPERAR SU TEMPORADA;5;MCO1279408657;"Pin Alta Gama Pisa Cuello Para Hombre, Cuello Camisa";sin clasificar;14;7;35900;103376;4;8;https://articulo.mercadolibre.com.co/MCO-1279408657-pin-alta-gama-pisa-cuello-para-hombre-cuello-camisa-_JM
ESPERAR SU TEMPORADA;5;MCO611704626;"Guante Mitón Primera Comunión Niña";sin clasificar;15;21;22900;52500;3;10;https://articulo.mercadolibre.com.co/MCO-611704626-guante-miton-primera-comunion-nina-_JM
ESPERAR SU TEMPORADA;5;MCO2952431604;"Tirantes Cargaderas + Corbatín Hombre Fiesta Boda Ajustables";nacional;2;37;59900;31000;7;27;https://articulo.mercadolibre.com.co/MCO-2952431604-tirantes-cargaderas-corbatin-hombre-fiesta-boda-ajustables-_JM
ESPERAR SU TEMPORADA;5;MCO2845779596;"Set De Collar Aretes Elegantes Dama Fiesta Cadena";internacional;2;18;55900;24000;5;16;https://articulo.mercadolibre.com.co/MCO-2845779596-set-de-collar-aretes-elegantes-dama-fiesta-cadena-_JM
ESPERAR SU TEMPORADA;5;MCO611883224;"Cintas Para Primera Comunión Blanco Inscripción Dorada / Motivo Eucarístico";sin clasificar;6;2;29900;24000;2;7;https://articulo.mercadolibre.com.co/MCO-611883224-cintas-para-primera-comunion-blanco-inscripcion-dorada-motivo-eucaristico-_JM