publicacion_id;titulo;linea;visitas_30d;stock;costo_unitario;capital_parado;precio_venta;link
MCO643096203;"Conjunto Traje Para Niño Tipo Bautizo Elegante Boina";ceremonia;91;2;25000;50000;84500;https://articulo.mercadolibre.com.co/MCO-643096203-conjunto-traje-para-nino-tipo-bautizo-elegante-boina-_JM
MCO2939211738;"Kit Corbata Caballero Pañuelo Elegante";accesorios;70;24;10300;247200;44800;https://articulo.mercadolibre.com.co/MCO-2939211738-kit-corbata-caballero-panuelo-elegante-_JM
MCO1711621467;"Anillo 15 Años Acero Princesa Elegante Fiesta";accesorios;70;18;8500;153000;55900;https://articulo.mercadolibre.com.co/MCO-1711621467-anillo-15-anos-acero-princesa-elegante-fiesta-_JM
MCO1313953197;"Tiara Tocado Para Novia Quinceañera Y Primera Comunión Blanco";ceremonia;66;15;0;0;38800;https://articulo.mercadolibre.com.co/MCO-1313953197-tiara-tocado-para-novia-quinceanera-y-primera-comunion-blanco-_JM
MCO636766971;"Kit Primera Comunión Niña Cirio Libro Camandula";ceremonia;60;3;0;0;59900;https://articulo.mercadolibre.com.co/MCO-636766971-kit-primera-comunion-nina-cirio-libro-camandula-_JM
MCO1546038430;"Peineta Tocado Floral Para Novia Primera Comunión O Bautizo ";ceremonia;46;12;8352;100224;47900;https://articulo.mercadolibre.com.co/MCO-1546038430-peineta-tocado-floral-para-novia-primera-comunion-o-bautizo-_JM
MCO612897838;"Cirio Bautizo Pañuelo Blanco Azul Rosa Niña Niño";ceremonia;46;2;14000;28000;54800;https://articulo.mercadolibre.com.co/MCO-612897838-cirio-bautizo-panuelo-blanco-azul-rosa-nina-nino-_JM
MCO862276906;"Traje De Niño Elegante Para Bautizo Y Toda Ocasión";ceremonia;43;22;70000;1540000;195900;https://articulo.mercadolibre.com.co/MCO-862276906-traje-de-nino-elegante-para-bautizo-y-toda-ocasion-_JM
MCO977710565;"Accesorios Para El Cabello Peineta Novia Matrimonio Boda";ceremonia;40;4;15280;61120;49900;https://articulo.mercadolibre.com.co/MCO-977710565-accesorios-para-el-cabello-peineta-novia-matrimonio-boda-_JM
MCO2952431604;"Tirantes Cargaderas + Corbatín Hombre Fiesta Boda Ajustables";accesorios;37;2;15500;31000;59900;https://articulo.mercadolibre.com.co/MCO-2952431604-tirantes-cargaderas-corbatin-hombre-fiesta-boda-ajustables-_JM
MCO1309617114;"Tiara Corona Tocado Para Novia Quinceañera  Brillante";ceremonia;35;15;20197;302955;68800;https://articulo.mercadolibre.com.co/MCO-1309617114-tiara-corona-tocado-para-novia-quinceanera-brillante-_JM
MCO3599154606;"Collar Corazón Infinito Plata 925 Zirconia Mujer Regalo Amor Plateado";accesorios;34;2;5338;10676;89900;https://articulo.mercadolibre.com.co/MCO-3599154606-collar-corazon-infinito-plata-925-zirconia-mujer-regalo-amor-plateado-_JM
MCO2875135390;"Combo Corbata Juvenil Pisa Corbata";accesorios;33;24;8000;192000;45900;https://articulo.mercadolibre.com.co/MCO-2875135390-combo-corbata-juvenil-pisa-corbata-_JM
MCO3425430938;"Collar Rapuncel Joyeria Ajustable Dorado Mujer Corona Dorado";ceremonia;29;8;0;0;35900;https://articulo.mercadolibre.com.co/MCO-3425430938-collar-rapuncel-joyeria-ajustable-dorado-mujer-corona-dorado-_JM
MCO908425521;"Velo De Novia Tipo Mantilla Matrimonio Boda De 3 Metros Blanco";ceremonia;26;5;20347;101735;72900;https://articulo.mercadolibre.com.co/MCO-908425521-velo-de-novia-tipo-mantilla-matrimonio-boda-de-3-metros-blanco-_JM
MCO902474848;"Gorro Para Bebé En Encaje Tipo Pava Para Bautizo Niña Blanco Bebé";ceremonia;26;4;11120;44480;53800;https://articulo.mercadolibre.com.co/MCO-902474848-gorro-para-bebe-en-encaje-tipo-pava-para-bautizo-nina-blanco-bebe-_JM
MCO623723818;"Tirantes Cargadera Niño Ajustable Elastico Premium";ceremonia;25;81;4500;364500;23900;https://articulo.mercadolibre.com.co/MCO-623723818-tirantes-cargadera-nino-ajustable-elastico-premium-_JM
MCO1761638029;"Collar Flor Girasol Mujer Acero Inoxidable Elegante Regalo Dorado";accesorios;25;5;0;0;49800;https://articulo.mercadolibre.com.co/MCO-1761638029-collar-flor-girasol-mujer-acero-inoxidable-elegante-regalo-dorado-_JM
MCO1930208545;"Collar Aretes Pulsera Anillo Para Dama Elegante Verde";accesorios;25;1;0;0;85000;https://articulo.mercadolibre.com.co/MCO-1930208545-collar-aretes-pulsera-anillo-para-dama-elegante-verde-_JM
MCO1506785689;"Traje Completo Niño Pantalon Camisa Chaqueta Corbatin";ceremonia;24;2;84500;169000;215900;https://articulo.mercadolibre.com.co/MCO-1506785689-traje-completo-nino-pantalon-camisa-chaqueta-corbatin-_JM
MCO3599256968;"Collar Cruz Corazón Plata 925 Zirconia Mujer Regalo Elegante Plateado";accesorios;24;12;0;0;89900;https://articulo.mercadolibre.com.co/MCO-3599256968-collar-cruz-corazon-plata-925-zirconia-mujer-regalo-elegante-plateado-_JM
MCO1976436243;"Broche Pin Colibrí Esmaltado Para Ropa Y Accesorios Elegante Azul Colibrí";accesorios;24;6;0;0;25900;https://articulo.mercadolibre.com.co/MCO-1976436243-broche-pin-colibri-esmaltado-para-ropa-y-accesorios-elegante-azul-colibri-_JM
MCO603971573;"Traje De Niño Para Bautizo Chaleco";ceremonia;21;14;45000;630000;158900;https://articulo.mercadolibre.com.co/MCO-603971573-traje-de-nino-para-bautizo-chaleco-_JM
MCO1539203841;"Corona Collar Y Aretes Quinceañera Matrimonio";ceremonia;21;2;40000;80000;145000;https://articulo.mercadolibre.com.co/MCO-1539203841-corona-collar-y-aretes-quinceanera-matrimonio-_JM
MCO611704626;"Guante Mitón Primera Comunión Niña";ceremonia;21;15;3500;52500;22900;https://articulo.mercadolibre.com.co/MCO-611704626-guante-miton-primera-comunion-nina-_JM
MCO2842822134;"Collar Y Aretes Juego Matrimonio Quinceaños";ceremonia;20;9;11214;100926;89900;https://articulo.mercadolibre.com.co/MCO-2842822134-collar-y-aretes-juego-matrimonio-quinceanos-_JM
MCO2221755812;"Enterizo Deportivo Manga Larga Para Dama ";accesorios;20;3;25000;75000;109900;https://articulo.mercadolibre.com.co/MCO-2221755812-enterizo-deportivo-manga-larga-para-dama-_JM
MCO1202864271;"Corbata Larga Satinada Slim Juvenil Elegante";accesorios;19;57;7500;427500;28900;https://articulo.mercadolibre.com.co/MCO-1202864271-corbata-larga-satinada-slim-juvenil-elegante-_JM
MCO612897484;"Pañuelo Blanco Para Bautizo";ceremonia;19;19;5000;95000;21800;https://articulo.mercadolibre.com.co/MCO-612897484-panuelo-blanco-para-bautizo-_JM
MCO1930234163;"Collar Aretes Pulsera Anillo Para Dama Elegante Verde / Plateado";accesorios;19;1;0;0;85000;https://articulo.mercadolibre.com.co/MCO-1930234163-collar-aretes-pulsera-anillo-para-dama-elegante-verde-plateado-_JM
MCO636770710;"Kit Primera Comunión Niña Cirio Corona Guantes Libro Rosario";ceremonia;18;4;29000;116000;98800;https://articulo.mercadolibre.com.co/MCO-636770710-kit-primera-comunion-nina-cirio-corona-guantes-libro-rosario-_JM
MCO1107200781;"Tocado Diadema Tiara Corona Novia Brillante Largo Plateado";ceremonia;18;3;9836;29508;46800;https://articulo.mercadolibre.com.co/MCO-1107200781-tocado-diadema-tiara-corona-novia-brillante-largo-plateado-_JM
MCO2845779596;"Set De Collar Aretes Elegantes Dama Fiesta Cadena";accesorios;18;2;12000;24000;55900;https://articulo.mercadolibre.com.co/MCO-2845779596-set-de-collar-aretes-elegantes-dama-fiesta-cadena-_JM
MCO3473531238;"Collar Mujer Cadena Dije Girasol Giratorio Antiestrés Dorado";accesorios;18;6;0;0;49800;https://articulo.mercadolibre.com.co/MCO-3473531238-collar-mujer-cadena-dije-girasol-giratorio-antiestres-dorado-_JM
MCO1339574369;"Pantalón De Drill Para Niño";ceremonia;17;58;30000;1740000;117900;https://articulo.mercadolibre.com.co/MCO-1339574369-pantalon-de-drill-para-nino-_JM
MCO611883633;"Libro Para Primera Comunión";ceremonia;17;16;3000;48000;14900;https://articulo.mercadolibre.com.co/MCO-611883633-libro-para-primera-comunion-_JM
MCO1384180873;"Pulsera Cadena Anillos Muñeca Gotico Punk Hombre Mujer";accesorios;17;9;3536;31824;28900;https://articulo.mercadolibre.com.co/MCO-1384180873-pulsera-cadena-anillos-muneca-gotico-punk-hombre-mujer-_JM
MCO1790121585;"Collar Cadena Girasol Mujer Dorado Giratorio Elegante Dorado";accesorios;17;4;0;0;49800;https://articulo.mercadolibre.com.co/MCO-1790121585-collar-cadena-girasol-mujer-dorado-giratorio-elegante-dorado-_JM
MCO623718361;"Cirio Confirmación Decorado";ceremonia;16;23;9000;207000;40900;https://articulo.mercadolibre.com.co/MCO-623718361-cirio-confirmacion-decorado-_JM
MCO1289060467;"Pin Broche Para Caballero Elegante Dorado";accesorios;16;4;10120;40480;45800;https://articulo.mercadolibre.com.co/MCO-1289060467-pin-broche-para-caballero-elegante-dorado-_JM
MCO3699784830;"Juego Collar Aretes Cobre Mujer Fiesta Plateado Azul Agua";accesorios;16;2;12229;24458;65000;https://articulo.mercadolibre.com.co/MCO-3699784830-juego-collar-aretes-cobre-mujer-fiesta-plateado-azul-agua-_JM
MCO1554089501;"Tiara Corona Reina Quinceañera Primera Comunión Azul";ceremonia;16;1;22622;22622;89900;https://articulo.mercadolibre.com.co/MCO-1554089501-tiara-corona-reina-quinceanera-primera-comunion-azul-_JM
MCO977555376;"Tocado Cabello Diadema Novia Quinceañera Primera Comunión Plateado";ceremonia;16;3;7424;22272;43800;https://articulo.mercadolibre.com.co/MCO-977555376-tocado-cabello-diadema-novia-quinceanera-primera-comunion-plateado-_JM
MCO1930168325;"Collar Aretes Pulsera Para Dama Elegante Verde";accesorios;16;1;0;0;75000;https://articulo.mercadolibre.com.co/MCO-1930168325-collar-aretes-pulsera-para-dama-elegante-verde-_JM
MCO4097395806;"Conjunto Collar Pulsera Cubana Hip Hop 40 Cm Plateado";accesorios;16;5;0;0;82800;https://articulo.mercadolibre.com.co/MCO-4097395806-conjunto-collar-pulsera-cubana-hip-hop-40-cm-plateado-_JM
MCO1202899663;"Correa Cinturon Reata Elastica Caballero Hebilla Metalica";accesorios;14;6;7000;42000;56800;https://articulo.mercadolibre.com.co/MCO-1202899663-correa-cinturon-reata-elastica-caballero-hebilla-metalica-_JM
MCO603949928;"Combo De Primera Comunión; Libro, Camandula Y Guantes";ceremonia;14;7;0;0;40900;https://articulo.mercadolibre.com.co/MCO-603949928-combo-de-primera-comunion-libro-camandula-y-guantes-_JM
MCO1846212227;"Juego Collar Aretes Pulsera Cobre Mujer Fiesta Elegante Oro Rosa 1";accesorios;14;1;0;0;65000;https://articulo.mercadolibre.com.co/MCO-1846212227-juego-collar-aretes-pulsera-cobre-mujer-fiesta-elegante-oro-rosa-1-_JM
MCO1430161529;"Broche Para Dama En Forma De Flores Libélula Trébol Corona ";ceremonia;13;39;5300;206700;34900;https://articulo.mercadolibre.com.co/MCO-1430161529-broche-para-dama-en-forma-de-flores-libelula-trebol-corona-_JM
MCO962498367;"Tocado Peineta Novia Quinceañera Primera Comunión";ceremonia;13;15;5597;83955;36900;https://articulo.mercadolibre.com.co/MCO-962498367-tocado-peineta-novia-quinceanera-primera-comunion-_JM
MCO1315115529;"Pin  Prendedor Broche Metalico Hombre Traje";ceremonia;12;18;6018;108324;38800;https://articulo.mercadolibre.com.co/MCO-1315115529-pin-prendedor-broche-metalico-hombre-traje-_JM
MCO3214446340;"Pulsera Manilla Brazalete Identificación Acero Unisex";accesorios;12;10;4500;45000;32800;https://articulo.mercadolibre.com.co/MCO-3214446340-pulsera-manilla-brazalete-identificacion-acero-unisex-_JM
MCO1768316415;"Collar Dragon Elegante Colgante Gótico Con Piedra";accesorios;12;2;5100;10200;28900;https://articulo.mercadolibre.com.co/MCO-1768316415-collar-dragon-elegante-colgante-gotico-con-piedra-_JM
MCO977746143;"Tiara Tocado Diadema Novia Quinceañera 50cm";ceremonia;11;31;6000;186000;41900;https://articulo.mercadolibre.com.co/MCO-977746143-tiara-tocado-diadema-novia-quinceanera-50cm-_JM
MCO1103945805;"Tocado Flora Diadema Corona Peinado Novia Tiara Plateado";ceremonia;11;5;11624;58120;48900;https://articulo.mercadolibre.com.co/MCO-1103945805-tocado-flora-diadema-corona-peinado-novia-tiara-plateado-_JM
MCO2830504368;"Corona Tocado Para Novia Reina Con Brillantes Lila";ceremonia;11;1;29616;29616;113900;https://articulo.mercadolibre.com.co/MCO-2830504368-corona-tocado-para-novia-reina-con-brillantes-lila-_JM
MCO2849226024;"Protector De Talón Para Fascitis Plantar";accesorios;11;1;9833;9833;39900;https://articulo.mercadolibre.com.co/MCO-2849226024-protector-de-talon-para-fascitis-plantar-_JM
MCO2988507526;"Juego Plateado Collar Y Aretes Anillo Quinceaños Novia Plateado";ceremonia;11;7;0;0;65000;https://articulo.mercadolibre.com.co/MCO-2988507526-juego-plateado-collar-y-aretes-anillo-quinceanos-novia-plateado-_JM
MCO1959844621;"Broche Vintage Cristales Azules Y Gota Colgante Para Dama Azul";accesorios;11;1;0;0;55000;https://articulo.mercadolibre.com.co/MCO-1959844621-broche-vintage-cristales-azules-y-gota-colgante-para-dama-azul-_JM
MCO2068000677;"Anillo De Plata 975 Laminado En Oro Para Hombre Con Zirconio Nemea 10";accesorios;11;1;0;0;198000;https://articulo.mercadolibre.com.co/MCO-2068000677-anillo-de-plata-975-laminado-en-oro-para-hombre-con-zirconio-nemea-10-_JM
MCO622331212;"Traje De Niño Tipo Bautizo Tirantas - Elegante";ceremonia;10;17;68500;1164500;194800;https://articulo.mercadolibre.com.co/MCO-622331212-traje-de-nino-tipo-bautizo-tirantas-elegante-_JM
MCO622330027;"Traje Para Niño Tipo Bautizo - Elegante";ceremonia;10;2;83000;166000;265900;https://articulo.mercadolibre.com.co/MCO-622330027-traje-para-nino-tipo-bautizo-elegante-_JM
MCO636762652;"Kit Primera Comunión Niña Cirio Guantes Libro Camándula";ceremonia;10;7;19500;136500;84900;https://articulo.mercadolibre.com.co/MCO-636762652-kit-primera-comunion-nina-cirio-guantes-libro-camandula-_JM
MCO1703110710;"Tocado Pinza Para El Cabello Novia Quinceañera  Blanco";ceremonia;10;6;8738;52428;44900;https://articulo.mercadolibre.com.co/MCO-1703110710-tocado-pinza-para-el-cabello-novia-quinceanera-blanco-_JM
MCO1959870691;"Aretes Collar Trebol Elegante Para Dama Dorado Verde Dorado";accesorios;10;1;0;0;55000;https://articulo.mercadolibre.com.co/MCO-1959870691-aretes-collar-trebol-elegante-para-dama-dorado-verde-dorado-_JM
MCO1319087635;"Tirantas Pierna Camisa Sin Arrugas Adulto";accesorios;9;2;12138;24276;44900;https://articulo.mercadolibre.com.co/MCO-1319087635-tirantas-pierna-camisa-sin-arrugas-adulto-_JM
MCO622334475;"Pava Bautizo Niña Bebe";ceremonia;8;13;11000;143000;46900;https://articulo.mercadolibre.com.co/MCO-622334475-pava-bautizo-nina-bebe-_JM
MCO902492984;"Guantes Niña Primera Comunión Ajustables";ceremonia;8;17;7016;119272;31900;https://articulo.mercadolibre.com.co/MCO-902492984-guantes-nina-primera-comunion-ajustables-_JM
MCO1619521095;"Conjunto Collar Pulsera Cubana Hip Hop 40 Cm Dorado";accesorios;8;3;17859;53577;82800;https://articulo.mercadolibre.com.co/MCO-1619521095-conjunto-collar-pulsera-cubana-hip-hop-40-cm-dorado-_JM
MCO2209000154;"Pisa Corbata Clip Magnético Invisible Para Corbata Plateado";accesorios;8;7;5796;40572;28900;https://articulo.mercadolibre.com.co/MCO-2209000154-pisa-corbata-clip-magnetico-invisible-para-corbata-plateado-_JM
MCO565672357;"Zapato Zapatilla Baleta De Ceremonia Tipo Princesa";ceremonia;7;49;34000;1666000;115900;https://articulo.mercadolibre.com.co/MCO-565672357-zapato-zapatilla-baleta-de-ceremonia-tipo-princesa-_JM
MCO2589196906;"Zapato Zapatilla Elegante Ocación Especial Comunión Niña";ceremonia;7;8;34000;272000;120000;https://articulo.mercadolibre.com.co/MCO-2589196906-zapato-zapatilla-elegante-ocacion-especial-comunion-nina-_JM
MCO1103703735;"Accesorios Novia Matrimonio Diadema Tiara Tocado 100 Cm";ceremonia;7;20;10123;202460;55900;https://articulo.mercadolibre.com.co/MCO-1103703735-accesorios-novia-matrimonio-diadema-tiara-tocado-100-cm-_JM
MCO1453059350;"Pin Broche Para Caballero Elegante ";accesorios;7;17;7270;123590;41900;https://articulo.mercadolibre.com.co/MCO-1453059350-pin-broche-para-caballero-elegante-_JM
MCO1279408657;"Pin Alta Gama Pisa Cuello Para Hombre, Cuello Camisa";accesorios;7;14;7384;103376;35900;https://articulo.mercadolibre.com.co/MCO-1279408657-pin-alta-gama-pisa-cuello-para-hombre-cuello-camisa-_JM
MCO1279437795;"Accesorio Broche Pin  Y Pisa Cuello Para Traje Hombre ";ceremonia;7;8;10924;87392;49800;https://articulo.mercadolibre.com.co/MCO-1279437795-accesorio-broche-pin-y-pisa-cuello-para-traje-hombre-_JM
MCO1402745233;"Conjunto Deportivo Top Y Short Para Dama ";accesorios;7;3;15000;45000;68800;https://articulo.mercadolibre.com.co/MCO-1402745233-conjunto-deportivo-top-y-short-para-dama-_JM
MCO977578605;"Tocado Cabello Novia O Primera Comunión Floral Perlas Blanco";ceremonia;7;6;6371;38226;56900;https://articulo.mercadolibre.com.co/MCO-977578605-tocado-cabello-novia-o-primera-comunion-floral-perlas-blanco-_JM
MCO3510021052;"Collar Cadena Sistema Solar Espacio Planetas Galaxia";accesorios;7;2;5680;11360;31900;https://articulo.mercadolibre.com.co/MCO-3510021052-collar-cadena-sistema-solar-espacio-planetas-galaxia-_JM
MCO4223139034;"Anillo De 15 Años En Plata 975 Nacional Y Oro Laminado Palacio 7";accesorios;7;1;0;0;185000;https://articulo.mercadolibre.com.co/MCO-4223139034-anillo-de-15-anos-en-plata-975-nacional-y-oro-laminado-palacio-7-_JM
MCO4230652878;"Anillo De Promesa Para Mujer En Plata Y Oro 18k Laminado Anhelo 9";accesorios;7;1;0;0;178000;https://articulo.mercadolibre.com.co/MCO-4230652878-anillo-de-promesa-para-mujer-en-plata-y-oro-18k-laminado-anhelo-9-_JM
MCO4230655502;"Anillo En Plata 975 Para Mujer Promesa Elegante Nacional Unión Rosa 8";accesorios;7;1;0;0;125000;https://articulo.mercadolibre.com.co/MCO-4230655502-anillo-en-plata-975-para-mujer-promesa-elegante-nacional-union-rosa-8-_JM
MCO1711078261;"Set Tiara Collar Aretes Anillo 15 Años Princesa Elegante";ceremonia;6;12;70000;840000;280000;https://articulo.mercadolibre.com.co/MCO-1711078261-set-tiara-collar-aretes-anillo-15-anos-princesa-elegante-_JM
MCO1337156981;"Sandalia Para Niña De Fiesta Elegante Primera Comunión ";ceremonia;6;19;34000;646000;138900;https://articulo.mercadolibre.com.co/MCO-1337156981-sandalia-para-nina-de-fiesta-elegante-primera-comunion-_JM
MCO2589261256;"Sandalia Elegante Niña Fiesta Ocasión Primera Comunión";ceremonia;6;13;34000;442000;129900;https://articulo.mercadolibre.com.co/MCO-2589261256-sandalia-elegante-nina-fiesta-ocasion-primera-comunion-_JM
MCO1939344200;"Conjunto De Collar Aretes Y Tiara Para Quinceañera Novia";ceremonia;6;11;29900;328900;145000;https://articulo.mercadolibre.com.co/MCO-1939344200-conjunto-de-collar-aretes-y-tiara-para-quinceanera-novia-_JM
MCO603903304;"Cirio De Primera Comunión Decorados ";ceremonia;6;31;9000;279000;47900;https://articulo.mercadolibre.com.co/MCO-603903304-cirio-de-primera-comunion-decorados-_JM
MCO977489243;"Tiara Corona Tocado Mariposa Niña Primera Comunión Elegante";ceremonia;6;6;10324;61944;64900;https://articulo.mercadolibre.com.co/MCO-977489243-tiara-corona-tocado-mariposa-nina-primera-comunion-elegante-_JM
MCO1935394030;"Aretes Pendientes Elegantes Para Fiesta Brillantes Plateado";accesorios;6;3;8535;25605;40900;https://articulo.mercadolibre.com.co/MCO-1935394030-aretes-pendientes-elegantes-para-fiesta-brillantes-plateado-_JM
MCO603977018;"Combo De Primera Comunión; Libro, Camandula, Guantes Y Cirio";ceremonia;6;7;0;0;95800;https://articulo.mercadolibre.com.co/MCO-603977018-combo-de-primera-comunion-libro-camandula-guantes-y-cirio-_JM
MCO4019431918;"Set Collar Y Aretes Elegante Diseño Floral Negro Plateado Negro";accesorios;6;1;0;0;59400;https://articulo.mercadolibre.com.co/MCO-4019431918-set-collar-y-aretes-elegante-diseno-floral-negro-plateado-negro-_JM
MCO4019263146;"Set Joyería Dama 4 Piezas Collar, Aretes, Pulsera Y Anillo Plateado";accesorios;6;1;0;0;79900;https://articulo.mercadolibre.com.co/MCO-4019263146-set-joyeria-dama-4-piezas-collar-aretes-pulsera-y-anillo-plateado-_JM
MCO611698205;"Sandalia Tacón Niña Dama Comoda Ocasión Elegante Fiesta";ceremonia;5;32;32000;1024000;125000;https://articulo.mercadolibre.com.co/MCO-611698205-sandalia-tacon-nina-dama-comoda-ocasion-elegante-fiesta-_JM
MCO2589272344;"Zapato Baleta Para Niña Primera Comunión";ceremonia;5;16;23000;368000;109900;https://articulo.mercadolibre.com.co/MCO-2589272344-zapato-baleta-para-nina-primera-comunion-_JM
MCO611710701;"Corona Floral Primera Comunión";ceremonia;5;23;9500;218500;42800;https://articulo.mercadolibre.com.co/MCO-611710701-corona-floral-primera-comunion-_JM
MCO1607472181;"Corbatin Niño Elegante Seda";ceremonia;5;50;3192;159600;23800;https://articulo.mercadolibre.com.co/MCO-1607472181-corbatin-nino-elegante-seda-_JM
MCO1315103449;"Accesorios Para El Cabello Tocado Bautizo Primera Comunión Blanco";ceremonia;5;6;11171;67026;56900;https://articulo.mercadolibre.com.co/MCO-1315103449-accesorios-para-el-cabello-tocado-bautizo-primera-comunion-blanco-_JM
MCO1023461984;"Guantes Satinados Para Bautizo ";ceremonia;5;4;7113;28452;36800;https://articulo.mercadolibre.com.co/MCO-1023461984-guantes-satinados-para-bautizo-_JM
MCO1929265107;"Collar Pulsera Tennis Verde Esmeralda Mujer Elegante Verde";accesorios;5;3;8500;25500;55000;https://articulo.mercadolibre.com.co/MCO-1929265107-collar-pulsera-tennis-verde-esmeralda-mujer-elegante-verde-_JM
MCO1292320061;"Aretes Elegantes Para Fiesta Novia Quinceañera Primera Comun Dorado";ceremonia;5;3;6828;20484;37900;https://articulo.mercadolibre.com.co/MCO-1292320061-aretes-elegantes-para-fiesta-novia-quinceanera-primera-comun-dorado-_JM
MCO2849135822;"Filtro Colador Infusor Té Aromática Hierbas Acero Inoxidable Plateado";accesorios;5;3;6824;20472;31900;https://articulo.mercadolibre.com.co/MCO-2849135822-filtro-colador-infusor-te-aromatica-hierbas-acero-inoxidable-plateado-_JM
MCO3479873332;"Collar Dije Simbolo Berserk Marca Sacrificio Guts Anime Rojo";accesorios;5;3;0;0;59900;https://articulo.mercadolibre.com.co/MCO-3479873332-collar-dije-simbolo-berserk-marca-sacrificio-guts-anime-rojo-_JM
MCO1841024007;"Corona Tocado Para Novia Reina Con Brillantes Verde";ceremonia;5;1;0;0;113900;https://articulo.mercadolibre.com.co/MCO-1841024007-corona-tocado-para-novia-reina-con-brillantes-verde-_JM
MCO611697399;"Media Velada Blanco Niña Pantalon Premium Toda Talla";ceremonia;4;33;8500;280500;31800;https://articulo.mercadolibre.com.co/MCO-611697399-media-velada-blanco-nina-pantalon-premium-toda-talla-_JM
MCO2256248404;"Pin Caballero En Forma De Rosa ";accesorios;4;35;2500;87500;23800;https://articulo.mercadolibre.com.co/MCO-2256248404-pin-caballero-en-forma-de-rosa-_JM
MCO1546012738;"Accesorios Para El Cabello Tocado Novia  Plateado";ceremonia;4;3;19123;57369;54900;https://articulo.mercadolibre.com.co/MCO-1546012738-accesorios-para-el-cabello-tocado-novia-plateado-_JM
MCO2143670466;"Short Legging Corto Gimnasio Yoga Hip Raise";accesorios;4;2;11746;23492;43900;https://articulo.mercadolibre.com.co/MCO-2143670466-short-legging-corto-gimnasio-yoga-hip-raise-_JM
MCO1447303191;"Set Collar Y Aretes Imitación De Diamantes Para Mujer Plateado";accesorios;4;1;16582;16582;55800;https://articulo.mercadolibre.com.co/MCO-1447303191-set-collar-y-aretes-imitacion-de-diamantes-para-mujer-plateado-_JM
MCO2067988213;"Anillo De Plata 975 Laminado En Oro Para Hombre Con Zirconio Titan Plateado 10";accesorios;4;1;0;0;198000;https://articulo.mercadolibre.com.co/MCO-2067988213-anillo-de-plata-975-laminado-en-oro-para-hombre-con-zirconio-titan-plateado-10-_JM
MCO1103668880;"Pin Broche De Cuello Para Camisa Unisex ";accesorios;3;19;6492;123348;37900;https://articulo.mercadolibre.com.co/MCO-1103668880-pin-broche-de-cuello-para-camisa-unisex-_JM
MCO1307277899;"Tirantes Unisex Junior";accesorios;3;21;4500;94500;27800;https://articulo.mercadolibre.com.co/MCO-1307277899-tirantes-unisex-junior-_JM
MCO611712200;"Balaca Para Niña Bautizo O Primera Comunión Blanco";ceremonia;3;10;9000;90000;37900;https://articulo.mercadolibre.com.co/MCO-611712200-balaca-para-nina-bautizo-o-primera-comunion-blanco-_JM
MCO1439134215;"Colador De Té Reutilizable De Acero Inoxidable Plateado";accesorios;3;5;11866;59330;34900;https://articulo.mercadolibre.com.co/MCO-1439134215-colador-de-te-reutilizable-de-acero-inoxidable-plateado-_JM
MCO612898703;"Guante Algodón Blanco Niños Adultos Formal Toda Ocasión";ceremonia;3;11;4000;44000;20900;https://articulo.mercadolibre.com.co/MCO-612898703-guante-algodon-blanco-ninos-adultos-formal-toda-ocasion-_JM
MCO2506923516;"Collar Y Aretes Colgante Circonia De Cristal Para Mujer";accesorios;3;7;4902;34314;55900;https://articulo.mercadolibre.com.co/MCO-2506923516-collar-y-aretes-colgante-circonia-de-cristal-para-mujer-_JM
MCO1559564886;"Pantalón Jean Licrado Negro Para Niño";ceremonia;3;1;30000;30000;112900;https://articulo.mercadolibre.com.co/MCO-1559564886-pantalon-jean-licrado-negro-para-nino-_JM
MCO1850552993;"Juego Tiara Collar Aretes Plateado Novia Quinceañera Elegant Plateado";ceremonia;3;1;19000;19000;125000;https://articulo.mercadolibre.com.co/MCO-1850552993-juego-tiara-collar-aretes-plateado-novia-quinceanera-elegant-plateado-_JM
MCO2208923306;"Mentonera De Nailon Anti Ronquido ";accesorios;3;2;6622;13244;29800;https://articulo.mercadolibre.com.co/MCO-2208923306-mentonera-de-nailon-anti-ronquido-_JM
MCO1976460307;"Anillo Girasol Giratorio + Collar + Caja Regalo Ajustable Dorado Ajustable";accesorios;3;4;0;0;84900;https://articulo.mercadolibre.com.co/MCO-1976460307-anillo-girasol-giratorio-collar-caja-regalo-ajustable-dorado-ajustable-_JM
MCO1341410871;"Liguero De Encaje Para Mujer Accesorio De Boda Blanco";accesorios;3;7;0;0;39900;https://articulo.mercadolibre.com.co/MCO-1341410871-liguero-de-encaje-para-mujer-accesorio-de-boda-blanco-_JM
MCO1959820343;"Set Collar Y Aretes Elegante Diseño Floral Negro Plateado Plateado";accesorios;3;1;0;0;59400;https://articulo.mercadolibre.com.co/MCO-1959820343-set-collar-y-aretes-elegante-diseno-floral-negro-plateado-plateado-_JM
MCO4230652872;"Anillo De Promesa Para Mujer En Plata Y Oro 18k Laminado Complicidad 7";accesorios;3;1;0;0;178000;https://articulo.mercadolibre.com.co/MCO-4230652872-anillo-de-promesa-para-mujer-en-plata-y-oro-18k-laminado-complicidad-7-_JM
MCO977489323;"Tiara Corona Tocado Mujer Sepia Primera Comunión Metal";ceremonia;2;28;13706;383768;59800;https://articulo.mercadolibre.com.co/MCO-977489323-tiara-corona-tocado-mujer-sepia-primera-comunion-metal-_JM
MCO611878092;"Sandalia Negra";ceremonia;2;2;32000;64000;88800;https://articulo.mercadolibre.com.co/MCO-611878092-sandalia-negra-_JM
MCO3479783230;"Collar Vintage Tridente Poseidón Elegante";accesorios;2;6;6690;40140;35900;https://articulo.mercadolibre.com.co/MCO-3479783230-collar-vintage-tridente-poseidon-elegante-_JM
MCO611883224;"Cintas Para Primera Comunión Blanco Inscripción Dorada / Motivo Eucarístico";ceremonia;2;6;4000;24000;29900;https://articulo.mercadolibre.com.co/MCO-611883224-cintas-para-primera-comunion-blanco-inscripcion-dorada-motivo-eucaristico-_JM
MCO902494422;"Pinza Para El Pelo Flores Y Perlas De Cristal Para Novia Blanco";ceremonia;2;6;3654;21924;45900;https://articulo.mercadolibre.com.co/MCO-902494422-pinza-para-el-pelo-flores-y-perlas-de-cristal-para-novia-blanco-_JM
MCO2908157008;"Capa Impermeable Lluvia Perro Mascotas Lluvia";accesorios;2;1;15500;15500;59900;https://articulo.mercadolibre.com.co/MCO-2908157008-capa-impermeable-lluvia-perro-mascotas-lluvia-_JM
MCO2256331024;"Aretes Para Mujer Perlas Colgantes  Plateado";accesorios;2;6;2521;15126;21800;https://articulo.mercadolibre.com.co/MCO-2256331024-aretes-para-mujer-perlas-colgantes-plateado-_JM
MCO2064456075;"Anillo De 15 Años En Plata 975 Nacional Y Oro Laminado Palacio 7.5";accesorios;2;1;0;0;185000;https://articulo.mercadolibre.com.co/MCO-2064456075-anillo-de-15-anos-en-plata-975-nacional-y-oro-laminado-palacio-75-_JM
MCO4230741520;"Anillo En Plata 975 Para Mujer Promesa Elegante Nacional Unión Lila 8";accesorios;2;1;0;0;125000;https://articulo.mercadolibre.com.co/MCO-4230741520-anillo-en-plata-975-para-mujer-promesa-elegante-nacional-union-lila-8-_JM
MCO4230741522;"Anillo En Plata 975 Para Mujer Promesa Elegante Nacional Ilusión Verde 8.5";accesorios;2;1;0;0;125000;https://articulo.mercadolibre.com.co/MCO-4230741522-anillo-en-plata-975-para-mujer-promesa-elegante-nacional-ilusion-verde-85-_JM
MCO4230738896;"Anillo De Promesa Para Mujer En Plata Y Oro 18k Laminado Promesa 8";accesorios;2;1;0;0;178000;https://articulo.mercadolibre.com.co/MCO-4230738896-anillo-de-promesa-para-mujer-en-plata-y-oro-18k-laminado-promesa-8-_JM
MCO2064432239;"Anillo De 15 Años En Plata 975 Nacional Y Oro Laminado Promesa 15 7";accesorios;2;1;0;0;185000;https://articulo.mercadolibre.com.co/MCO-2064432239-anillo-de-15-anos-en-plata-975-nacional-y-oro-laminado-promesa-15-7-_JM
MCO4230741512;"Anillo En Plata 975 Para Mujer Promesa Elegante Nacional Lealtad 5.5";accesorios;2;1;0;0;125000;https://articulo.mercadolibre.com.co/MCO-4230741512-anillo-en-plata-975-para-mujer-promesa-elegante-nacional-lealtad-55-_JM
MCO4230652870;"Anillo De Promesa Para Mujer En Plata Y Oro 18k Laminado Entrega 8";accesorios;2;1;0;0;178000;https://articulo.mercadolibre.com.co/MCO-4230652870-anillo-de-promesa-para-mujer-en-plata-y-oro-18k-laminado-entrega-8-_JM
MCO4230655496;"Anillo En Plata 975 Para Mujer Promesa Elegante Nacional Plenitud 7";accesorios;2;1;0;0;125000;https://articulo.mercadolibre.com.co/MCO-4230655496-anillo-en-plata-975-para-mujer-promesa-elegante-nacional-plenitud-7-_JM
MCO4230655508;"Anillo En Plata 975 Para Mujer Promesa Elegante Nacional Destino Verde 5.5";accesorios;2;1;0;0;125000;https://articulo.mercadolibre.com.co/MCO-4230655508-anillo-en-plata-975-para-mujer-promesa-elegante-nacional-destino-verde-55-_JM
MCO4230652884;"Anillo De Promesa Para Mujer En Plata Y Oro 18k Laminado Eternidad 8";accesorios;2;1;0;0;178000;https://articulo.mercadolibre.com.co/MCO-4230652884-anillo-de-promesa-para-mujer-en-plata-y-oro-18k-laminado-eternidad-8-_JM
MCO4230655506;"Anillo En Plata 975 Para Mujer Promesa Elegante Nacional Ilusión 7";accesorios;2;1;0;0;125000;https://articulo.mercadolibre.com.co/MCO-4230655506-anillo-en-plata-975-para-mujer-promesa-elegante-nacional-ilusion-7-_JM
MCO2068000681;"Anillo De Plata 975 Laminado En Oro Para Hombre Con Zirconio Cronos 11";accesorios;2;1;0;0;198000;https://articulo.mercadolibre.com.co/MCO-2068000681-anillo-de-plata-975-laminado-en-oro-para-hombre-con-zirconio-cronos-11-_JM
MCO2067988211;"Anillo De Plata 975 Laminado En Oro Para Hombre Con Zirconio Titan Azul 10";accesorios;2;1;0;0;198000;https://articulo.mercadolibre.com.co/MCO-2067988211-anillo-de-plata-975-laminado-en-oro-para-hombre-con-zirconio-titan-azul-10-_JM
MCO2068000679;"Anillo De Plata 975 Laminado En Oro Para Hombre Con Zirconio Cronos 10";accesorios;2;2;0;0;198000;https://articulo.mercadolibre.com.co/MCO-2068000679-anillo-de-plata-975-laminado-en-oro-para-hombre-con-zirconio-cronos-10-_JM
MCO2068290721;"Anillo Para Mujer Elegante Plata 975 Laminado Oro Estuche Kilonova 8";accesorios;2;1;0;0;185000;https://articulo.mercadolibre.com.co/MCO-2068290721-anillo-para-mujer-elegante-plata-975-laminado-oro-estuche-kilonova-8-_JM
MCO908412511;"Tocado Tiara Corona Para Novia  Quinceañera Primera Comunión Plateado";ceremonia;1;14;9373;131222;55000;https://articulo.mercadolibre.com.co/MCO-908412511-tocado-tiara-corona-para-novia-quinceanera-primera-comunion-plateado-_JM
MCO1795704215;"Collar Dije Cadena Leopardo Acero Inoxidable Elegante";accesorios;1;6;10626;63756;55900;https://articulo.mercadolibre.com.co/MCO-1795704215-collar-dije-cadena-leopardo-acero-inoxidable-elegante-_JM
MCO2203141136;"Toalla Turbante Para Pelo Microfibra Para Secar Cabello";accesorios;1;4;5853;23412;27800;https://articulo.mercadolibre.com.co/MCO-2203141136-toalla-turbante-para-pelo-microfibra-para-secar-cabello-_JM
MCO2200347182;"Camisón De Encaje Lenceria Sexy ";accesorios;1;1;19103;19103;58800;https://articulo.mercadolibre.com.co/MCO-2200347182-camison-de-encaje-lenceria-sexy-_JM
MCO1436814037;"Cadena Para La Cintura Con Decoración Para Dama Elegante Plateado";accesorios;1;2;8500;17000;42800;https://articulo.mercadolibre.com.co/MCO-1436814037-cadena-para-la-cintura-con-decoracion-para-dama-elegante-plateado-_JM
MCO585628863;"Zapato De Fiesta Niña -elegante -bautizo - Primera Comunión";ceremonia;1;28;0;0;115900;https://articulo.mercadolibre.com.co/MCO-585628863-zapato-de-fiesta-nina-elegante-bautizo-primera-comunion-_JM
MCO2064456067;"Anillo De 15 Años En Plata 975 Nacional Y Oro Laminado Castillo 15 6.6";accesorios;1;1;0;0;185000;https://articulo.mercadolibre.com.co/MCO-2064456067-anillo-de-15-anos-en-plata-975-nacional-y-oro-laminado-castillo-15-66-_JM
MCO2064456071;"Anillo De 15 Años En Plata 975 Nacional Y Oro Laminado Hechizo 15 6";accesorios;1;1;0;0;185000;https://articulo.mercadolibre.com.co/MCO-2064456071-anillo-de-15-anos-en-plata-975-nacional-y-oro-laminado-hechizo-15-6-_JM
MCO4223139046;"Anillo De 15 Años En Plata 975 Nacional Y Oro Laminado Majestad 7.5";accesorios;1;1;0;0;185000;https://articulo.mercadolibre.com.co/MCO-4223139046-anillo-de-15-anos-en-plata-975-nacional-y-oro-laminado-majestad-75-_JM
MCO4223139048;"Anillo De 15 Años En Plata 975 Nacional Y Oro Laminado Tiara 15 6";ceremonia;1;1;0;0;185000;https://articulo.mercadolibre.com.co/MCO-4223139048-anillo-de-15-anos-en-plata-975-nacional-y-oro-laminado-tiara-15-6-_JM
MCO2064456079;"Anillo De 15 Años En Plata 975 Nacional Y Oro Laminado Vals 15 6.5";accesorios;1;1;0;0;185000;https://articulo.mercadolibre.com.co/MCO-2064456079-anillo-de-15-anos-en-plata-975-nacional-y-oro-laminado-vals-15-65-_JM
MCO2064456077;"Anillo De 15 Años En Plata 975 Nacional Y Oro Laminado Encanto 15 6";accesorios;1;1;0;0;185000;https://articulo.mercadolibre.com.co/MCO-2064456077-anillo-de-15-anos-en-plata-975-nacional-y-oro-laminado-encanto-15-6-_JM
MCO2064456083;"Anillo De 15 Años En Plata 975 Nacional Y Oro Laminado Carruaje 15 Lila 6.5";accesorios;1;1;0;0;185000;https://articulo.mercadolibre.com.co/MCO-2064456083-anillo-de-15-anos-en-plata-975-nacional-y-oro-laminado-carruaje-15-lila-65-_JM
MCO2064456081;"Anillo De 15 Años En Plata 975 Nacional Y Oro Laminado Palacio 8.5";accesorios;1;1;0;0;185000;https://articulo.mercadolibre.com.co/MCO-2064456081-anillo-de-15-anos-en-plata-975-nacional-y-oro-laminado-palacio-85-_JM
MCO2064456073;"Anillo De 15 Años En Plata 975 Nacional Y Oro Laminado Alteza 15 8";accesorios;1;1;0;0;185000;https://articulo.mercadolibre.com.co/MCO-2064456073-anillo-de-15-anos-en-plata-975-nacional-y-oro-laminado-alteza-15-8-_JM
MCO4230741516;"Anillo En Plata 975 Para Mujer Promesa Elegante Nacional Destino 6";accesorios;1;2;0;0;125000;https://articulo.mercadolibre.com.co/MCO-4230741516-anillo-en-plata-975-para-mujer-promesa-elegante-nacional-destino-6-_JM
MCO4230704880;"Anillo En Plata 975 Para Mujer Promesa Elegante Nacional Anhelo 6";accesorios;1;1;0;0;125000;https://articulo.mercadolibre.com.co/MCO-4230704880-anillo-en-plata-975-para-mujer-promesa-elegante-nacional-anhelo-6-_JM
MCO4230738898;"Anillo De Promesa Para Mujer En Plata Y Oro 18k Laminado Complicidad 8";accesorios;1;1;0;0;178000;https://articulo.mercadolibre.com.co/MCO-4230738898-anillo-de-promesa-para-mujer-en-plata-y-oro-18k-laminado-complicidad-8-_JM
MCO4230704882;"Anillo En Plata 975 Para Mujer Promesa Elegante Nacional Confianza 8.5";accesorios;1;1;0;0;125000;https://articulo.mercadolibre.com.co/MCO-4230704882-anillo-en-plata-975-para-mujer-promesa-elegante-nacional-confianza-85-_JM
MCO4230738894;"Anillo De Promesa Para Mujer En Plata Y Oro 18k Laminado Anhelo 7";accesorios;1;1;0;0;178000;https://articulo.mercadolibre.com.co/MCO-4230738894-anillo-de-promesa-para-mujer-en-plata-y-oro-18k-laminado-anhelo-7-_JM
MCO4230741518;"Anillo En Plata 975 Para Mujer Promesa Elegante Nacional Anhelo 7";accesorios;1;1;0;0;125000;https://articulo.mercadolibre.com.co/MCO-4230741518-anillo-en-plata-975-para-mujer-promesa-elegante-nacional-anhelo-7-_JM
MCO4230741510;"Anillo En Plata 975 Para Mujer Promesa Elegante Nacional Ternura 9";accesorios;1;1;0;0;125000;https://articulo.mercadolibre.com.co/MCO-4230741510-anillo-en-plata-975-para-mujer-promesa-elegante-nacional-ternura-9-_JM
MCO4230704886;"Anillo En Plata 975 Para Mujer Promesa Elegante Nacional Devoción 7.5";accesorios;1;1;0;0;125000;https://articulo.mercadolibre.com.co/MCO-4230704886-anillo-en-plata-975-para-mujer-promesa-elegante-nacional-devocion-75-_JM
MCO4230655504;"Anillo En Plata 975 Para Mujer Promesa Elegante Nacional Fidelidad 8.5";accesorios;1;1;0;0;125000;https://articulo.mercadolibre.com.co/MCO-4230655504-anillo-en-plata-975-para-mujer-promesa-elegante-nacional-fidelidad-85-_JM
MCO4230655510;"Anillo En Plata 975 Para Mujer Promesa Elegante Nacional Devoción 6";accesorios;1;1;0;0;125000;https://articulo.mercadolibre.com.co/MCO-4230655510-anillo-en-plata-975-para-mujer-promesa-elegante-nacional-devocion-6-_JM
MCO4230702312;"Anillo De Promesa Para Mujer En Plata Y Oro 18k Laminado Eternidad 6";accesorios;1;1;0;0;178000;https://articulo.mercadolibre.com.co/MCO-4230702312-anillo-de-promesa-para-mujer-en-plata-y-oro-18k-laminado-eternidad-6-_JM
MCO4230652880;"Anillo De Promesa Para Mujer En Plata Y Oro 18k Laminado Entrega 6";accesorios;1;1;0;0;178000;https://articulo.mercadolibre.com.co/MCO-4230652880-anillo-de-promesa-para-mujer-en-plata-y-oro-18k-laminado-entrega-6-_JM
MCO4230655498;"Anillo En Plata 975 Para Mujer Promesa Elegante Nacional Fidelidad 8";accesorios;1;1;0;0;125000;https://articulo.mercadolibre.com.co/MCO-4230655498-anillo-en-plata-975-para-mujer-promesa-elegante-nacional-fidelidad-8-_JM
MCO4230655494;"Anillo En Plata 975 Para Mujer Promesa Elegante Nacional Ternura 7";accesorios;1;1;0;0;125000;https://articulo.mercadolibre.com.co/MCO-4230655494-anillo-en-plata-975-para-mujer-promesa-elegante-nacional-ternura-7-_JM
MCO2068290715;"Anillo Para Mujer Elegante Plata 975 Laminado Oro Estuche Andrómeda 7";accesorios;1;1;0;0;185000;https://articulo.mercadolibre.com.co/MCO-2068290715-anillo-para-mujer-elegante-plata-975-laminado-oro-estuche-andromeda-7-_JM
MCO2068278403;"Anillo Para Mujer Elegante Plata 975 Laminado Oro Estuche Eclipse 7";accesorios;1;1;0;0;185000;https://articulo.mercadolibre.com.co/MCO-2068278403-anillo-para-mujer-elegante-plata-975-laminado-oro-estuche-eclipse-7-_JM
MCO2067925449;"Anillo De Plata 975 Laminado En Oro Para Hombre Con Zirconio Zeus 9";accesorios;1;1;0;0;198000;https://articulo.mercadolibre.com.co/MCO-2067925449-anillo-de-plata-975-laminado-en-oro-para-hombre-con-zirconio-zeus-9-_JM
MCO2506951786;"Collar Con Diamantes De Imitación De Gota De Agua Para Mujer";accesorios;0;3;10154;30462;49900;https://articulo.mercadolibre.com.co/MCO-2506951786-collar-con-diamantes-de-imitacion-de-gota-de-agua-para-mujer-_JM
MCO1103946086;"Tiara Tocado Cabello Diadema Corona Novia Primera Comunión Blanco";ceremonia;0;3;8596;25788;43800;https://articulo.mercadolibre.com.co/MCO-1103946086-tiara-tocado-cabello-diadema-corona-novia-primera-comunion-blanco-_JM
MCO1341436359;"Liguero De Encaje Para Mujer Accesorio De Boda Blanco";accesorios;0;3;8373;25119;31900;https://articulo.mercadolibre.com.co/MCO-1341436359-liguero-de-encaje-para-mujer-accesorio-de-boda-blanco-_JM
MCO2200325212;"Conjunto De Lencería Erótica Sexy  ";accesorios;0;1;18173;18173;56900;https://articulo.mercadolibre.com.co/MCO-2200325212-conjunto-de-lenceria-erotica-sexy-_JM
MCO1292257727;"Accesorios Tocado Para Novia Quinceañera Primera Comunión  Plateado";ceremonia;0;3;5641;16923;28900;https://articulo.mercadolibre.com.co/MCO-1292257727-accesorios-tocado-para-novia-quinceanera-primera-comunion-plateado-_JM
MCO1925465758;"Accesorio Tocado Para El Cabello Vincha Diadema Tiara Plateado";ceremonia;0;1;11600;11600;48800;https://articulo.mercadolibre.com.co/MCO-1925465758-accesorio-tocado-para-el-cabello-vincha-diadema-tiara-plateado-_JM
MCO1850552995;"Juego Tiara Collar Aretes Plateado Novia Quinceañera Elegant Plateado 3";ceremonia;0;1;0;0;125000;https://articulo.mercadolibre.com.co/MCO-1850552995-juego-tiara-collar-aretes-plateado-novia-quinceanera-elegant-plateado-3-_JM
MCO1795728731;"Collar Dije Demonio Japones Diablo Acero Color Plata Dorado";accesorios;0;3;0;0;45900;https://articulo.mercadolibre.com.co/MCO-1795728731-collar-dije-demonio-japones-diablo-acero-color-plata-dorado-_JM
MCO2064456069;"Anillo De 15 Años En Plata 975 Nacional Y Oro Laminado Suspiro 15 8";accesorios;0;1;0;0;185000;https://articulo.mercadolibre.com.co/MCO-2064456069-anillo-de-15-anos-en-plata-975-nacional-y-oro-laminado-suspiro-15-8-_JM
MCO4223139036;"Anillo De 15 Años En Plata 975 Nacional Y Oro Laminado Carruaje 15 Rosado 5.5";accesorios;0;1;0;0;185000;https://articulo.mercadolibre.com.co/MCO-4223139036-anillo-de-15-anos-en-plata-975-nacional-y-oro-laminado-carruaje-15-rosado-55-_JM
MCO4223139050;"Anillo De 15 Años En Plata 975 Nacional Y Oro Laminado Corona 8";ceremonia;0;1;0;0;185000;https://articulo.mercadolibre.com.co/MCO-4223139050-anillo-de-15-anos-en-plata-975-nacional-y-oro-laminado-corona-8-_JM
MCO4223139038;"Anillo De 15 Años En Plata 975 Nacional Y Oro Laminado Carruaje 15 Plata 7";accesorios;0;1;0;0;185000;https://articulo.mercadolibre.com.co/MCO-4223139038-anillo-de-15-anos-en-plata-975-nacional-y-oro-laminado-carruaje-15-plata-7-_JM
MCO4223139042;"Anillo De 15 Años En Plata 975 Nacional Y Oro Laminado Ensueño 15 7.5";accesorios;0;1;0;0;185000;https://articulo.mercadolibre.com.co/MCO-4223139042-anillo-de-15-anos-en-plata-975-nacional-y-oro-laminado-ensueno-15-75-_JM
MCO4223139052;"Anillo De 15 Años En Plata 975 Nacional Y Oro Laminado Tiara 15 7";ceremonia;0;1;0;0;185000;https://articulo.mercadolibre.com.co/MCO-4223139052-anillo-de-15-anos-en-plata-975-nacional-y-oro-laminado-tiara-15-7-_JM
MCO4223139044;"Anillo De 15 Años En Plata 975 Nacional Y Oro Laminado Ensueño 15 6";accesorios;0;1;0;0;185000;https://articulo.mercadolibre.com.co/MCO-4223139044-anillo-de-15-anos-en-plata-975-nacional-y-oro-laminado-ensueno-15-6-_JM
MCO4223139040;"Anillo De 15 Años En Plata 975 Nacional Y Oro Laminado Corona 5.5";ceremonia;0;1;0;0;185000;https://articulo.mercadolibre.com.co/MCO-4223139040-anillo-de-15-anos-en-plata-975-nacional-y-oro-laminado-corona-55-_JM
MCO4230741508;"Anillo En Plata 975 Para Mujer Promesa Elegante Nacional Plenitud 8";accesorios;0;1;0;0;125000;https://articulo.mercadolibre.com.co/MCO-4230741508-anillo-en-plata-975-para-mujer-promesa-elegante-nacional-plenitud-8-_JM
MCO4230741506;"Anillo En Plata 975 Para Mujer Promesa Elegante Nacional Confianza 8";accesorios;0;1;0;0;125000;https://articulo.mercadolibre.com.co/MCO-4230741506-anillo-en-plata-975-para-mujer-promesa-elegante-nacional-confianza-8-_JM
MCO4230704876;"Anillo En Plata 975 Para Mujer Promesa Elegante Nacional Ilusión 6.5";accesorios;0;1;0;0;125000;https://articulo.mercadolibre.com.co/MCO-4230704876-anillo-en-plata-975-para-mujer-promesa-elegante-nacional-ilusion-65-_JM
MCO4230704878;"Anillo En Plata 975 Para Mujer Promesa Elegante Nacional Destino 6.5";accesorios;0;1;0;0;125000;https://articulo.mercadolibre.com.co/MCO-4230704878-anillo-en-plata-975-para-mujer-promesa-elegante-nacional-destino-65-_JM
MCO4230741514;"Anillo En Plata 975 Para Mujer Promesa Elegante Nacional Confianza 6.5";accesorios;0;1;0;0;125000;https://articulo.mercadolibre.com.co/MCO-4230741514-anillo-en-plata-975-para-mujer-promesa-elegante-nacional-confianza-65-_JM
MCO4230738900;"Anillo De Promesa Para Mujer En Plata Y Oro 18k Laminado Promesa 7";accesorios;0;2;0;0;178000;https://articulo.mercadolibre.com.co/MCO-4230738900-anillo-de-promesa-para-mujer-en-plata-y-oro-18k-laminado-promesa-7-_JM
MCO4230704884;"Anillo En Plata 975 Para Mujer Promesa Elegante Nacional Destino 8";accesorios;0;1;0;0;125000;https://articulo.mercadolibre.com.co/MCO-4230704884-anillo-en-plata-975-para-mujer-promesa-elegante-nacional-destino-8-_JM
MCO4230702310;"Anillo De Promesa Para Mujer En Plata Y Oro 18k Laminado Anhelo 6";accesorios;0;1;0;0;178000;https://articulo.mercadolibre.com.co/MCO-4230702310-anillo-de-promesa-para-mujer-en-plata-y-oro-18k-laminado-anhelo-6-_JM
MCO4230702308;"Anillo De Promesa Para Mujer En Plata Y Oro 18k Laminado Entrega 6.5";accesorios;0;1;0;0;178000;https://articulo.mercadolibre.com.co/MCO-4230702308-anillo-de-promesa-para-mujer-en-plata-y-oro-18k-laminado-entrega-65-_JM
MCO4230652876;"Anillo De Promesa Para Mujer En Plata Y Oro 18k Laminado Promesa 6";accesorios;0;1;0;0;178000;https://articulo.mercadolibre.com.co/MCO-4230652876-anillo-de-promesa-para-mujer-en-plata-y-oro-18k-laminado-promesa-6-_JM
MCO4230652882;"Anillo De Promesa Para Mujer En Plata Y Oro 18k Laminado Anhelo 8";accesorios;0;1;0;0;178000;https://articulo.mercadolibre.com.co/MCO-4230652882-anillo-de-promesa-para-mujer-en-plata-y-oro-18k-laminado-anhelo-8-_JM
MCO4230655500;"Anillo En Plata 975 Para Mujer Promesa Elegante Nacional Ilusión 7.5";accesorios;0;1;0;0;125000;https://articulo.mercadolibre.com.co/MCO-4230655500-anillo-en-plata-975-para-mujer-promesa-elegante-nacional-ilusion-75-_JM
MCO4230652874;"Anillo De Promesa Para Mujer En Plata Y Oro 18k Laminado Eternidad 7";accesorios;0;1;0;0;178000;https://articulo.mercadolibre.com.co/MCO-4230652874-anillo-de-promesa-para-mujer-en-plata-y-oro-18k-laminado-eternidad-7-_JM
MCO2068278399;"Anillo Para Mujer Elegante Plata 975 Laminado Oro Estuche Nébula 6.5";accesorios;0;1;0;0;185000;https://articulo.mercadolibre.com.co/MCO-2068278399-anillo-para-mujer-elegante-plata-975-laminado-oro-estuche-nebula-65-_JM
MCO2068241443;"Anillo Para Mujer Elegante Plata 975 Laminado Oro Estuche Umbra 7.5";accesorios;0;1;0;0;185000;https://articulo.mercadolibre.com.co/MCO-2068241443-anillo-para-mujer-elegante-plata-975-laminado-oro-estuche-umbra-75-_JM
MCO2067988209;"Anillo De Plata 975 Laminado En Oro Para Hombre Con Zirconio Nemea 8.5";accesorios;0;3;0;0;198000;https://articulo.mercadolibre.com.co/MCO-2067988209-anillo-de-plata-975-laminado-en-oro-para-hombre-con-zirconio-nemea-85-_JM
MCO2068290713;"Anillo Para Mujer Elegante Plata 975 Laminado Oro Estuche Sideral 8";accesorios;0;1;0;0;185000;https://articulo.mercadolibre.com.co/MCO-2068290713-anillo-para-mujer-elegante-plata-975-laminado-oro-estuche-sideral-8-_JM
MCO2068278401;"Anillo Para Mujer Elegante Plata 975 Laminado Oro Estuche Órbita 7.5";accesorios;0;1;0;0;185000;https://articulo.mercadolibre.com.co/MCO-2068278401-anillo-para-mujer-elegante-plata-975-laminado-oro-estuche-orbita-75-_JM
MCO2068241445;"Anillo Para Mujer Elegante Plata 975 Laminado Oro Estuche Órbita 8";accesorios;0;1;0;0;185000;https://articulo.mercadolibre.com.co/MCO-2068241445-anillo-para-mujer-elegante-plata-975-laminado-oro-estuche-orbita-8-_JM
MCO2068241447;"Anillo Para Mujer Elegante Plata 975 Laminado Oro Estuche Órbita 8.5";accesorios;0;1;0;0;185000;https://articulo.mercadolibre.com.co/MCO-2068241447-anillo-para-mujer-elegante-plata-975-laminado-oro-estuche-orbita-85-_JM
MCO2068241449;"Anillo Para Mujer Elegante Plata 975 Laminado Oro Estuche Gravedad 8.5";accesorios;0;1;0;0;185000;https://articulo.mercadolibre.com.co/MCO-2068241449-anillo-para-mujer-elegante-plata-975-laminado-oro-estuche-gravedad-85-_JM
MCO2068290717;"Anillo Para Mujer Elegante Plata 975 Laminado Oro Estuche Umbra 8.5";accesorios;0;2;0;0;185000;https://articulo.mercadolibre.com.co/MCO-2068290717-anillo-para-mujer-elegante-plata-975-laminado-oro-estuche-umbra-85-_JM
MCO2068290719;"Anillo Para Mujer Elegante Plata 975 Laminado Oro Estuche Nébula 8";accesorios;0;1;0;0;185000;https://articulo.mercadolibre.com.co/MCO-2068290719-anillo-para-mujer-elegante-plata-975-laminado-oro-estuche-nebula-8-_JM
MCO2068278397;"Anillo Para Mujer Elegante Plata 975 Laminado Oro Estuche Nébula 7";accesorios;0;1;0;0;185000;https://articulo.mercadolibre.com.co/MCO-2068278397-anillo-para-mujer-elegante-plata-975-laminado-oro-estuche-nebula-7-_JM
MCO2068278395;"Anillo Para Mujer Elegante Plata 975 Laminado Oro Estuche Órbita 7";accesorios;0;1;0;0;185000;https://articulo.mercadolibre.com.co/MCO-2068278395-anillo-para-mujer-elegante-plata-975-laminado-oro-estuche-orbita-7-_JM
MCO2067925447;"Anillo De Plata 975 Laminado En Oro Para Hombre Con Zirconio Nemea 9";accesorios;0;1;0;0;198000;https://articulo.mercadolibre.com.co/MCO-2067925447-anillo-de-plata-975-laminado-en-oro-para-hombre-con-zirconio-nemea-9-_JM
MCO2067925445;"Anillo De Plata 975 Laminado En Oro Para Hombre Con Zirconio Zeus 11";accesorios;0;1;0;0;198000;https://articulo.mercadolibre.com.co/MCO-2067925445-anillo-de-plata-975-laminado-en-oro-para-hombre-con-zirconio-zeus-11-_JM